statement national reference no: 919160, date: 31.05.2015, salesperiode: 01.05.2015-31.05.2015

article no;artist / title;stock begin / end;arrivals dispatch;domestic qty/dealer/net(aver.);amount domestic;export qty;returns domestic qty/dealer/net(aver.);amount returns domestic;f.o.c dom.;total amount
7"*06256;Tonfang/ThePiss;1 / 1;0 / 0;0 / 0,000 / 0,000;0,00;0;0 / 0,000 / 0,000;-0,00;0;0,00
7"*06271;LonesomeStation/s.t.;2 / 2;0 / 0;0 / 0,000 / 0,000;0,00;0;0 / 0,000 / 0,000;-0,00;0;0,00
CD 06252;V.A./MelodicaCompilation1;20 / 20;0 / 0;0 / 0,000 / 0,000;0,00;0;0 / 0,000 / 0,000;-0,00;0;0,00
CD 06254;KidDecker/YourKind;38 / 38;0 / 0;0 / 0,000 / 0,000;0,00;0;0 / 0,000 / 0,000;-0,00;0;0,00
CD 06255;Binoculers/EverySeaman s...;24 / 21;0 / 0;3 / 8,512 / 5,788;17,36;0;0 / 0,000 / 0,000;-0,00;0;17,36
CD 06261;OwlsOfTheSwamp/GoWithRiver;76 / 76;0 / 0;0 / 0,000 / 0,000;0,00;0;0 / 0,000 / 0,000;-0,00;0;0,00
CD 06263;V.A./MelodicaCompilation2;54 / 54;0 / 0;0 / 0,000 / 0,000;0,00;0;0 / 0,000 / 0,000;-0,00;0;0,00
CD 06264;MeikeSchrader/DasGrün...;118 / 115;0 / 0;3 / 5,518 / 3,752;11,26;0;0 / 0,000 / 0,000;-0,00;0;11,26
CD 06267;LizHanley/TheEcstasy...;28 / 28;0 / 0;0 / 0,000 / 0,000;0,00;0;0 / 0,000 / 0,000;-0,00;0;0,00
CD 06270;St.Allen/WreckThe...;30 / 30;0 / 0;0 / 0,000 / 0,000;0,00;0;0 / 0,000 / 0,000;-0,00;0;0,00
CD 06272;OwlsOfTheSwamp/Atlas;138 / 138;0 / 0;0 / 0,000 / 0,000;0,00;0;0 / 0,000 / 0,000;-0,00;0;0,00
CD 06275;FrogbellyAndSymphony/BlueBright...;50 / 153;110 / 7;0 / 0,000 / 0,000;0,00;0;0 / 0,000 / 0,000;-0,00;0;0,00
CD 13906;EmmyMoll/AllTheMonsters;6 / 5;0 / 0;1 / 3,296 / 2,241;2,24;0;0 / 0,000 / 0,000;-0,00;0;2,24
CD*06251;KidDecker/Reveries;3 / 3;0 / 0;0 / 0,000 / 0,000;0,00;0;0 / 0,000 / 0,000;-0,00;0;0,00
CD*06253;DearJohnLetter/PartAndFragment;5 / 5;0 / 0;0 / 0,000 / 0,000;0,00;0;0 / 0,000 / 0,000;-0,00;0;0,00
CD*06257;T.Stock/Rocket;2 / 2;0 / 0;0 / 0,000 / 0,000;0,00;0;0 / 0,000 / 0,000;-0,00;0;0,00
CD*06258;OverdriveAmpExplosion/Blanks;4 / 4;0 / 0;0 / 0,000 / 0,000;0,00;0;0 / 0,000 / 0,000;-0,00;0;0,00
CD*06260;StarsForTheBanned/StarsForTheBanned;3 / 3;0 / 0;0 / 0,000 / 0,000;0,00;0;0 / 0,000 / 0,000;-0,00;0;0,00
CD*06265;N.Wilckens/StoriesTheSea...;4 / 4;0 / 0;0 / 0,000 / 0,000;0,00;0;0 / 0,000 / 0,000;-0,00;0;0,00
CD*06266;Outroads/IAmHappy;7 / 7;0 / 0;0 / 0,000 / 0,000;0,00;0;0 / 0,000 / 0,000;-0,00;0;0,00
CD*13901;AstridsFarm/Cyclist;3 / 3;0 / 0;0 / 0,000 / 0,000;0,00;0;0 / 0,000 / 0,000;-0,00;0;0,00
CD*13903;Xrfarflight/TheEarlyBird;6 / 6;0 / 0;0 / 0,000 / 0,000;0,00;0;0 / 0,000 / 0,000;-0,00;0;0,00
CD*13908;DearJohnLetter/Between Leaves-Forestal;4 / 4;0 / 0;0 / 0,000 / 0,000;0,00;0;0 / 0,000 / 0,000;-0,00;0;0,00
CD*13910;FrauKraushaar/LeSalonIsVeryMorbidä;4 / 4;0 / 0;0 / 0,000 / 0,000;0,00;0;0 / 0,000 / 0,000;-0,00;0;0,00
CD*13912;V.A./IntroducingLabelship;1 / 1;0 / 0;0 / 0,000 / 0,000;0,00;0;0 / 0,000 / 0,000;-0,00;0;0,00
CD*13913;J.Ufer/KopfInDenSternen;2 / 2;0 / 0;0 / 0,000 / 0,000;0,00;0;0 / 0,000 / 0,000;-0,00;0;0,00
LP 05257;Binoculers/EverySeaman s...;9 / 9;0 / 0;0 / 0,000 / 0,000;0,00;0;0 / 0,000 / 0,000;-0,00;0;0,00
LP 06268;Frogbelly.../TheEye;36 / 35;0 / 0;0 / 0,000 / 0,000;0,00;1;0 / 0,000 / 0,000;-0,00;0;0,00
LP 06273;OwlsOfTheSwamp/Atlas(Lim.Ed.);46 / 46;0 / 0;0 / 0,000 / 0,000;0,00;0;0 / 0,000 / 0,000;-0,00;0;0,00
LP 06274;M.Bisi/Ex-Nihilo;46 / 46;0 / 0;0 / 0,000 / 0,000;0,00;0;0 / 0,000 / 0,000;-0,00;0;0,00
LP 06276;FrogbellyAndSymphony/BlueBright...;15 / 15;0 / 0;0 / 0,000 / 0,000;0,00;0;0 / 0,000 / 0,000;-0,00;0;0,00
LP*06259;OverdriveAmpExplosion/EasyTiger(Split-EP;4 / 4;0 / 0;0 / 0,000 / 0,000;0,00;0;0 / 0,000 / 0,000;-0,00;0;0,00
LP*13902;AstridsFarm/Cyclist;3 / 3;0 / 0;0 / 0,000 / 0,000;0,00;0;0 / 0,000 / 0,000;-0,00;0;0,00
LP*13904;Xrfarflight/TheEarlyBird;3 / 3;0 / 0;0 / 0,000 / 0,000;0,00;0;0 / 0,000 / 0,000;-0,00;0;0,00
LP*13907;EmmyMoll/AllTheMonsters;15 / 15;0 / 0;0 / 0,000 / 0,000;0,00;0;0 / 0,000 / 0,000;-0,00;0;0,00
LP*13909;DearJohnLetter/Between Leaves-Forestal;2 / 2;0 / 0;0 / 0,000 / 0,000;0,00;0;0 / 0,000 / 0,000;-0,00;0;0,00
LP*13911;FrauKraushaar/LeSalonIsVeryMorbidä;7 / 6;0 / 0;1 / 4,499 / 3,059;3,06;0;0 / 0,000 / 0,000;-0,00;0;3,06

total sales domestic;total amount domestic;total returns domestic;ret amount domestic;total value;handling fee returns;f.o.c total;reserve for returns (nat+int);refund of reserve;stock-return shipping;v.a.t. / tax 16%;v.a.t. / tax 7%;total value to be transfered
8;33,92;0;0,00;33,92;0,00;0;-11,68;13,12;0,00;0,00;0,00;35,36 EUR


statement international reference no: 919160, date: 31.05.2015, salesperiode: 01.05.2015-31.05.2015


article no.;artist / title;export sales/prices;amount export;returns export qty/dealer/net(aver.);amount returns exp.;f.o.c. exp.;total amount
LP 06268;Frogbelly.../TheEye;1 / 6,500 / 5,005;5,00;0 / 0,000 / 0,000;-0,00;0;5,00

total sales export;total amount export;total returns export;total amount returns exp.;handling fee returns;f.o.c. total;total value;v.a.t. / tax 16%;v.a.t. / tax 7%;total value to be transfered
1;5,00;0;0,00;0,00;0;5,00;0,00;0,00;5,00 EUR



statement downloads reference no: 919160, date: 31.05.2015, salesperiode: -


article no.;artist;title;track;shop;domestic;total amount
7" 06271;LONESOME STATION;Lonesome Station (+ CD);Just Look;Spotify;9 / 0,006 / 0,004;0,04
7" 06271;LONESOME STATION;Lonesome Station (+ CD);Happy in the Dark;Spotify;8 / 0,007 / 0,006;0,05
7" 06271;LONESOME STATION;Lonesome Station (+ CD);A Man Without a Back;Spotify;8 / 0,007 / 0,006;0,05
7" 06271;LONESOME STATION;Lonesome Station (+ CD);What We ve Said;Spotify;6 / 0,006 / 0,004;0,03
7" 06271;LONESOME STATION;Lonesome Station (+ CD);A Long Day;Spotify;9 / 0,007 / 0,005;0,05
7" 06271;LONESOME STATION;Lonesome Station (+ CD);22h;Spotify;7 / 0,007 / 0,006;0,04
7" 06271;LONESOME STATION;Lonesome Station (+ CD);Dmand;Spotify;6 / 0,007 / 0,005;0,03
7" 06271;LONESOME STATION;Lonesome Station (+ CD);The Flowers Are Gone;Spotify;9 / 0,006 / 0,005;0,05
CD 06252;VARIOUS ARTISTS;Melodica Compilation #1 ;Morse Codes;Wimp;1 / 0,011 / 0,009;0,01
CD 06252;VARIOUS ARTISTS;Melodica Compilation #1 ;Yfir Hola Og Yfir Haedir;Wimp;2 / 0,011 / 0,009;0,02
CD 06252;VARIOUS ARTISTS;Melodica Compilation #1 ;Yfir Hola Og Yfir Haedir;Google Play;4 / 0,000 / 0,000;0,00
CD 06252;VARIOUS ARTISTS;Melodica Compilation #1 ;Morse Codes;Deezer;3 / 0,005 / 0,004;0,01
CD 06252;VARIOUS ARTISTS;Melodica Compilation #1 ;Come My Way;Wimp;6 / 0,012 / 0,010;0,06
CD 06252;VARIOUS ARTISTS;Melodica Compilation #1 ;Come My Way;Deezer;1 / 0,007 / 0,005;0,01
CD 06253;DEAR JOHN LETTER ;Part And Fragment;You Remain Unshakeably Calm;Napster;1 / 0,008 / 0,006;0,01
CD 06253;DEAR JOHN LETTER ;Part And Fragment;You Remain Unshakeably Calm;Google Play;1 / 0,000 / 0,000;0,00
CD 06253;DEAR JOHN LETTER ;Part And Fragment;The Looking Glass;Napster;1 / 0,008 / 0,006;0,01
CD 06253;DEAR JOHN LETTER ;Part And Fragment;The Looking Glass;Google Play;1 / 0,000 / 0,000;0,00
CD 06253;DEAR JOHN LETTER ;Part And Fragment;That s The Way The Cookie Crumbles;Spotify;1 / 0,009 / 0,007;0,01
CD 06253;DEAR JOHN LETTER ;Part And Fragment;Silent Sirens;Google Play;1 / 0,000 / 0,000;0,00
CD 06253;DEAR JOHN LETTER ;Part And Fragment;House Of Leaves;YouTube;1 / 0,005 / 0,004;0,00
CD 06253;DEAR JOHN LETTER ;Part And Fragment;House Of Leaves;Spotify;1 / 0,003 / 0,002;0,00
CD 06254;KID DECKER ;Your Kind;Dead Man s Walk;Xbox Music;1 / 0,028 / 0,023;0,02
CD 06255;BINOCULERS;Every Seaman s Got A Favourite Spaceship;Chestnuts;simfy;2 / 0,018 / 0,014;0,03
CD 06255;BINOCULERS;Every Seaman s Got A Favourite Spaceship;Seaman-Like;YouTube;3 / 0,007 / 0,006;0,02
CD 06255;BINOCULERS;Every Seaman s Got A Favourite Spaceship;Snail s Shell;Deezer;2 / 0,002 / 0,002;0,00
CD 06255;BINOCULERS;Every Seaman s Got A Favourite Spaceship;Snail s Shell;simfy;5 / 0,018 / 0,014;0,07
CD 06255;BINOCULERS;Every Seaman s Got A Favourite Spaceship;Snakes;Deezer;1 / 0,001 / 0,001;0,00
CD 06255;BINOCULERS;Every Seaman s Got A Favourite Spaceship;Snakes;simfy;4 / 0,018 / 0,014;0,06
CD 06255;BINOCULERS;Every Seaman s Got A Favourite Spaceship;Stones;Deezer;10 / 0,009 / 0,007;0,07
CD 06255;BINOCULERS;Every Seaman s Got A Favourite Spaceship;Stones;simfy;4 / 0,018 / 0,014;0,06
CD 06255;BINOCULERS;Every Seaman s Got A Favourite Spaceship;Your Favourite Spaceship;Deezer;1 / 0,001 / 0,001;0,00
CD 06255;BINOCULERS;Every Seaman s Got A Favourite Spaceship;Your Favourite Spaceship;simfy;3 / 0,018 / 0,014;0,04
CD 06255;BINOCULERS;Every Seaman s Got A Favourite Spaceship;Seaman-Like;simfy;5 / 0,018 / 0,014;0,07
CD 06255;BINOCULERS;Every Seaman s Got A Favourite Spaceship;Paintbox;simfy;2 / 0,018 / 0,014;0,03
CD 06255;BINOCULERS;Every Seaman s Got A Favourite Spaceship;Paintbox;iTunes;1 / 0,600 / 0,480;0,48
CD 06255;BINOCULERS;Every Seaman s Got A Favourite Spaceship;Easy In The Morning Sun;Deezer;11 / 0,009 / 0,007;0,08
CD 06255;BINOCULERS;Every Seaman s Got A Favourite Spaceship;Easy In The Morning Sun;simfy;5 / 0,018 / 0,014;0,07
CD 06255;BINOCULERS;Every Seaman s Got A Favourite Spaceship;Grape-Shaped Dream;simfy;2 / 0,018 / 0,014;0,03
CD 06255;BINOCULERS;Every Seaman s Got A Favourite Spaceship;Lions;Deezer;1 / 0,001 / 0,001;0,00
CD 06255;BINOCULERS;Every Seaman s Got A Favourite Spaceship;Lions;simfy;5 / 0,018 / 0,014;0,07
CD 06255;BINOCULERS;Every Seaman s Got A Favourite Spaceship;Lions;Xbox Music;13 / 0,028 / 0,023;0,29
CD 06255;BINOCULERS;Every Seaman s Got A Favourite Spaceship;Mirrorball;simfy;3 / 0,018 / 0,014;0,04
CD 06255;BINOCULERS;Every Seaman s Got A Favourite Spaceship;On The Sun;Deezer;1 / 0,001 / 0,001;0,00
CD 06255;BINOCULERS;Every Seaman s Got A Favourite Spaceship;On The Sun;simfy;4 / 0,018 / 0,014;0,06
CD 06257;STOCK, TORBEN;Rocket;Tonight;Spotify;6 / 0,001 / 0,001;0,00
CD 06257;STOCK, TORBEN;Rocket;Sad Movie Song;Spotify;13 / 0,002 / 0,001;0,02
CD 06257;STOCK, TORBEN;Rocket;Rocket;Spotify;10 / 0,002 / 0,001;0,01
CD 06257;STOCK, TORBEN;Rocket;Real Lights / Great Souls;Spotify;9 / 0,001 / 0,001;0,01
CD 06257;STOCK, TORBEN;Rocket;Kiss Me Good Night;Spotify;8 / 0,001 / 0,001;0,01
CD 06257;STOCK, TORBEN;Rocket;Conamara Instr,;Spotify;6 / 0,001 / 0,001;0,00
CD 06257;STOCK, TORBEN;Rocket;Conamara Instr,;Deezer;1 / 0,003 / 0,003;0,00
CD 06257;STOCK, TORBEN;Rocket;Cold Breeze;Spotify;8 / 0,001 / 0,001;0,01
CD 06257;STOCK, TORBEN;Rocket;Angels s Song;Spotify;6 / 0,001 / 0,001;0,00
CD 06257;STOCK, TORBEN;Rocket;Truth;Spotify;6 / 0,001 / 0,001;0,00
CD 06257;STOCK, TORBEN;Rocket;Wolkenstein;Spotify;8 / 0,001 / 0,001;0,01
CD 06258;OVERDRIVE AMP EXPLOSION ;Blanks;At The Corner;Xbox Music;1 / 0,028 / 0,023;0,02
CD 06258;OVERDRIVE AMP EXPLOSION ;Blanks;Stzar;Xbox Music;1 / 0,028 / 0,023;0,02
CD 06261;OWLS OF THE SWAMP  ;Go With River;So Far Away;Spotify;181 / 0,003 / 0,002;0,45
CD 06261;OWLS OF THE SWAMP  ;Go With River;So Far Away;simfy;4 / 0,018 / 0,014;0,06
CD 06261;OWLS OF THE SWAMP  ;Go With River;So Far Away;Napster;2 / 0,008 / 0,006;0,01
CD 06261;OWLS OF THE SWAMP  ;Go With River;So Far Away;JB Hi-Fi;2 / 0,007 / 0,005;0,01
CD 06261;OWLS OF THE SWAMP  ;Go With River;So Far Away;Deezer;4 / 0,002 / 0,002;0,01
CD 06261;OWLS OF THE SWAMP  ;Go With River;Skywaters;Spotify;15 / 0,003 / 0,002;0,03
CD 06261;OWLS OF THE SWAMP  ;Go With River;Skywaters;simfy;4 / 0,018 / 0,014;0,06
CD 06261;OWLS OF THE SWAMP  ;Go With River;Skywaters;Napster;3 / 0,008 / 0,006;0,02
CD 06261;OWLS OF THE SWAMP  ;Go With River;Pyramid;Spotify;240 / 0,003 / 0,002;0,58
CD 06261;OWLS OF THE SWAMP  ;Go With River;So Far Away;YouTube;57 / 0,000 / 0,000;0,00
CD 06261;OWLS OF THE SWAMP  ;Go With River;Stones and Bones;Deezer;5 / 0,003 / 0,002;0,01
CD 06261;OWLS OF THE SWAMP  ;Go With River;Stones and Bones;Napster;2 / 0,008 / 0,006;0,01
CD 06261;OWLS OF THE SWAMP  ;Go With River;Walking Song;Spotify;17 / 0,003 / 0,002;0,04
CD 06261;OWLS OF THE SWAMP  ;Go With River;Walking Song;simfy;4 / 0,018 / 0,014;0,06
CD 06261;OWLS OF THE SWAMP  ;Go With River;Walking Song;Napster;2 / 0,008 / 0,006;0,01
CD 06261;OWLS OF THE SWAMP  ;Go With River;Tricks And Turns;Spotify;19 / 0,003 / 0,003;0,05
CD 06261;OWLS OF THE SWAMP  ;Go With River;Tricks And Turns;simfy;4 / 0,018 / 0,014;0,06
CD 06261;OWLS OF THE SWAMP  ;Go With River;Tricks And Turns;Napster;1 / 0,008 / 0,006;0,01
CD 06261;OWLS OF THE SWAMP  ;Go With River;Tricks And Turns;iTunes;1 / 0,450 / 0,360;0,36
CD 06261;OWLS OF THE SWAMP  ;Go With River;Stones and Bones;Spotify;491 / 0,003 / 0,003;1,36
CD 06261;OWLS OF THE SWAMP  ;Go With River;Stones and Bones;simfy;4 / 0,018 / 0,014;0,06
CD 06261;OWLS OF THE SWAMP  ;Go With River;Pyramid;simfy;4 / 0,018 / 0,014;0,06
CD 06261;OWLS OF THE SWAMP  ;Go With River;Pyramid;Napster;2 / 0,008 / 0,006;0,01
CD 06261;OWLS OF THE SWAMP  ;Go With River;Pyramid;JB Hi-Fi;1 / 0,007 / 0,005;0,01
CD 06261;OWLS OF THE SWAMP  ;Go With River;Go With River;simfy;4 / 0,018 / 0,014;0,06
CD 06261;OWLS OF THE SWAMP  ;Go With River;Go With River;Napster;3 / 0,008 / 0,006;0,02
CD 06261;OWLS OF THE SWAMP  ;Go With River;By The Riverside;Spotify;18 / 0,004 / 0,003;0,05
CD 06261;OWLS OF THE SWAMP  ;Go With River;By The Riverside;simfy;4 / 0,018 / 0,014;0,06
CD 06261;OWLS OF THE SWAMP  ;Go With River;By The Riverside;Napster;3 / 0,008 / 0,006;0,02
CD 06261;OWLS OF THE SWAMP  ;Go With River;43;Spotify;53 / 0,004 / 0,003;0,15
CD 06261;OWLS OF THE SWAMP  ;Go With River;43;simfy;4 / 0,018 / 0,014;0,06
CD 06261;OWLS OF THE SWAMP  ;Go With River;43;Napster;2 / 0,008 / 0,006;0,01
CD 06261;OWLS OF THE SWAMP  ;Go With River;43;JB Hi-Fi;1 / 0,007 / 0,005;0,01
CD 06261;OWLS OF THE SWAMP  ;Go With River;Go With River;Spotify;13 / 0,003 / 0,002;0,03
CD 06261;OWLS OF THE SWAMP  ;Go With River; ;iTunes;1 / 4,150 / 3,320;3,32
CD 06261;OWLS OF THE SWAMP  ;Go With River;Here Comes The Wind;Napster;1 / 0,008 / 0,006;0,01
CD 06261;OWLS OF THE SWAMP  ;Go With River;Praying Mantis;Spotify;14 / 0,004 / 0,004;0,05
CD 06261;OWLS OF THE SWAMP  ;Go With River;Praying Mantis;simfy;4 / 0,018 / 0,014;0,06
CD 06261;OWLS OF THE SWAMP  ;Go With River;Praying Mantis;Napster;1 / 0,008 / 0,006;0,01
CD 06261;OWLS OF THE SWAMP  ;Go With River;Long May You Run;YouTube;1 / 0,000 / 0,000;0,00
CD 06261;OWLS OF THE SWAMP  ;Go With River;Long May You Run;Spotify;24 / 0,004 / 0,003;0,07
CD 06261;OWLS OF THE SWAMP  ;Go With River;Long May You Run;simfy;4 / 0,018 / 0,014;0,06
CD 06261;OWLS OF THE SWAMP  ;Go With River;Long May You Run;Napster;2 / 0,008 / 0,006;0,01
CD 06261;OWLS OF THE SWAMP  ;Go With River;Here Comes The Wind;Spotify;33 / 0,003 / 0,003;0,09
CD 06261;OWLS OF THE SWAMP  ;Go With River;Here Comes The Wind;simfy;4 / 0,018 / 0,014;0,06
CD 06263;VARIOUS ARTISTS;Melodica Compilation #2;Start Something;Spotify;4 / 0,006 / 0,005;0,02
CD 06263;VARIOUS ARTISTS;Melodica Compilation #2;The Poet;Spotify;1 / 0,007 / 0,006;0,01
CD 06263;VARIOUS ARTISTS;Melodica Compilation #2;Trapped Fox (Live at Melodica Berlin 2010);Spotify;1 / 0,007 / 0,006;0,01
CD 06263;VARIOUS ARTISTS;Melodica Compilation #2;Water Song (feat, ITC);Spotify;1 / 0,007 / 0,006;0,01
CD 06263;VARIOUS ARTISTS;Melodica Compilation #2;When I Dream I See;iTunes;1 / 0,420 / 0,336;0,34
CD 06263;VARIOUS ARTISTS;Melodica Compilation #2;When I Dream I See;Spotify;5 / 0,006 / 0,005;0,03
CD 06263;VARIOUS ARTISTS;Melodica Compilation #2;Springrainair;Spotify;1 / 0,007 / 0,006;0,01
CD 06263;VARIOUS ARTISTS;Melodica Compilation #2;Seldom Seen Sister;Spotify;1 / 0,007 / 0,006;0,01
CD 06263;VARIOUS ARTISTS;Melodica Compilation #2;Maybe;Spotify;1 / 0,007 / 0,006;0,01
CD 06263;VARIOUS ARTISTS;Melodica Compilation #2;Dead Horse;Spotify;2 / 0,004 / 0,003;0,01
CD 06263;VARIOUS ARTISTS;Melodica Compilation #2;Black-Eyed Angel;Spotify;1 / 0,007 / 0,006;0,01
CD 06263;VARIOUS ARTISTS;Melodica Compilation #2;Jennifer;Spotify;1 / 0,007 / 0,006;0,01
CD 06263;VARIOUS ARTISTS;Melodica Compilation #2;Last Dropout of Beauty School;Spotify;2 / 0,005 / 0,004;0,01
CD 06263;VARIOUS ARTISTS;Melodica Compilation #2;Lost Something Good;Spotify;3 / 0,007 / 0,006;0,02
CD 06263;VARIOUS ARTISTS;Melodica Compilation #2;Maybe;Sony;1 / 0,015 / 0,012;0,01
CD 06264;SCHRADER, MEIKE;Das Grün In Deinen Augen;Hamburg, mein Hafen;Napster;12 / 0,008 / 0,006;0,08
CD 06264;SCHRADER, MEIKE;Das Grün In Deinen Augen;Hamburg, mein Hafen;Spotify;23 / 0,004 / 0,003;0,08
CD 06264;SCHRADER, MEIKE;Das Grün In Deinen Augen;Im Ring;Napster;6 / 0,008 / 0,006;0,04
CD 06264;SCHRADER, MEIKE;Das Grün In Deinen Augen;Im Ring;Spotify;6 / 0,003 / 0,002;0,01
CD 06264;SCHRADER, MEIKE;Das Grün In Deinen Augen;Kaffeehaussong;iTunes;2 / 0,605 / 0,484;0,97
CD 06264;SCHRADER, MEIKE;Das Grün In Deinen Augen;Kaffeehaussong;Napster;7 / 0,008 / 0,006;0,05
CD 06264;SCHRADER, MEIKE;Das Grün In Deinen Augen;Sicherhalt;Napster;10 / 0,008 / 0,006;0,06
CD 06264;SCHRADER, MEIKE;Das Grün In Deinen Augen;Sicherhalt;Spotify;11 / 0,004 / 0,003;0,04
CD 06264;SCHRADER, MEIKE;Das Grün In Deinen Augen;Utopia;Napster;8 / 0,008 / 0,006;0,05
CD 06264;SCHRADER, MEIKE;Das Grün In Deinen Augen;Utopia;Spotify;14 / 0,005 / 0,004;0,05
CD 06264;SCHRADER, MEIKE;Das Grün In Deinen Augen;Wiegenlied;Napster;7 / 0,008 / 0,006;0,05
CD 06264;SCHRADER, MEIKE;Das Grün In Deinen Augen;Wiegenlied;Spotify;3 / 0,004 / 0,004;0,01
CD 06264;SCHRADER, MEIKE;Das Grün In Deinen Augen;Hamburg, mein Hafen;iTunes;8 / 0,604 / 0,483;3,86
CD 06264;SCHRADER, MEIKE;Das Grün In Deinen Augen;Hamburg, mein Hafen;Google Play;2 / 0,000 / 0,000;0,00
CD 06264;SCHRADER, MEIKE;Das Grün In Deinen Augen;Hamburg, mein Hafen;Amazon;4 / 0,498 / 0,398;1,59
CD 06264;SCHRADER, MEIKE;Das Grün In Deinen Augen;Ach Bitte;Napster;8 / 0,008 / 0,006;0,05
CD 06264;SCHRADER, MEIKE;Das Grün In Deinen Augen;Ach Bitte;Spotify;6 / 0,004 / 0,003;0,02
CD 06264;SCHRADER, MEIKE;Das Grün In Deinen Augen;Das Grün in deinen Augen;iTunes;2 / 0,605 / 0,484;0,97
CD 06264;SCHRADER, MEIKE;Das Grün In Deinen Augen;Das Grün in deinen Augen;Spotify;6 / 0,004 / 0,003;0,02
CD 06264;SCHRADER, MEIKE;Das Grün In Deinen Augen; ;Amazon;1 / 4,980 / 3,984;3,98
CD 06264;SCHRADER, MEIKE;Das Grün In Deinen Augen; ;iTunes;6 / 5,100 / 4,080;24,48
CD 06264;SCHRADER, MEIKE;Das Grün In Deinen Augen;Die Geister, die ich rief;Amazon;1 / 0,500 / 0,400;0,40
CD 06264;SCHRADER, MEIKE;Das Grün In Deinen Augen;Halt mich;Spotify;6 / 0,002 / 0,002;0,01
CD 06264;SCHRADER, MEIKE;Das Grün In Deinen Augen;Ein neuer Tag;Spotify;5 / 0,003 / 0,002;0,01
CD 06264;SCHRADER, MEIKE;Das Grün In Deinen Augen;Ein neuer Tag;Napster;6 / 0,008 / 0,006;0,04
CD 06264;SCHRADER, MEIKE;Das Grün In Deinen Augen;Die Geister, die ich rief;Spotify;3 / 0,004 / 0,004;0,01
CD 06264;SCHRADER, MEIKE;Das Grün In Deinen Augen;Die Geister, die ich rief;iTunes;1 / 0,600 / 0,480;0,48
CD 06265;WILCKENS, NIKOLAI;Stories The Sea Told Me At Night;On and On;Spotify;2 / 0,006 / 0,005;0,01
CD 06265;WILCKENS, NIKOLAI;Stories The Sea Told Me At Night;The Boy Leaves Town;Spotify;2 / 0,006 / 0,005;0,01
CD 06265;WILCKENS, NIKOLAI;Stories The Sea Told Me At Night;Remember Copenhagen;Spotify;2 / 0,006 / 0,005;0,01
CD 06265;WILCKENS, NIKOLAI;Stories The Sea Told Me At Night;Never Thee;Spotify;2 / 0,006 / 0,005;0,01
CD 06265;WILCKENS, NIKOLAI;Stories The Sea Told Me At Night;Hang On;Spotify;2 / 0,006 / 0,005;0,01
CD 06265;WILCKENS, NIKOLAI;Stories The Sea Told Me At Night;Goodnight Country Boy;Spotify;3 / 0,004 / 0,004;0,01
CD 06265;WILCKENS, NIKOLAI;Stories The Sea Told Me At Night;Did I Forget;Spotify;3 / 0,004 / 0,004;0,01
CD 06265;WILCKENS, NIKOLAI;Stories The Sea Told Me At Night;A Day By the Sea;Spotify;4 / 0,005 / 0,004;0,02
CD 06265;WILCKENS, NIKOLAI;Stories The Sea Told Me At Night;City Lights;Spotify;4 / 0,004 / 0,003;0,01
CD 06265;WILCKENS, NIKOLAI;Stories The Sea Told Me At Night;Before the Light;Spotify;6 / 0,006 / 0,004;0,03
CD 06266;OUTROADS;I Am Happy;I ll Walk with You;Spotify;1 / 0,009 / 0,007;0,01
CD 06266;OUTROADS;I Am Happy;La Da Die;Spotify;2 / 0,005 / 0,004;0,01
CD 06266;OUTROADS;I Am Happy;She Looked Like a Friend;Spotify;1 / 0,009 / 0,007;0,01
CD 06266;OUTROADS;I Am Happy;This Wine Is a Kiss;Spotify;2 / 0,007 / 0,006;0,01
CD 06266;OUTROADS;I Am Happy;Happiness;Spotify;9 / 0,005 / 0,004;0,04
CD 06266;OUTROADS;I Am Happy;Gravey;Spotify;3 / 0,009 / 0,007;0,02
CD 06266;OUTROADS;I Am Happy;Good Company;Spotify;1 / 0,009 / 0,007;0,01
CD 06266;OUTROADS;I Am Happy;Dear Demon;Spotify;3 / 0,009 / 0,007;0,02
CD 06266;OUTROADS;I Am Happy;Closer;Spotify;1 / 0,009 / 0,007;0,01
CD 06266;OUTROADS;I Am Happy;Best Not Make a Scene;Spotify;1 / 0,009 / 0,007;0,01
CD 06267;HANLEY, LIZ;The Ecstasy Of St, Cécilia;Keg of Brandy;Napster;3 / 0,008 / 0,006;0,02
CD 06267;HANLEY, LIZ;The Ecstasy Of St, Cécilia;Keg of Brandy;iTunes;1 / 0,420 / 0,336;0,34
CD 06267;HANLEY, LIZ;The Ecstasy Of St, Cécilia;Keg of Brandy;Google Play;1 / 0,000 / 0,000;0,00
CD 06267;HANLEY, LIZ;The Ecstasy Of St, Cécilia;Keg of Brandy;AmazonCloud;2 / 0,000 / 0,000;0,00
CD 06267;HANLEY, LIZ;The Ecstasy Of St, Cécilia;Johnston;Spotify;2 / 0,004 / 0,003;0,01
CD 06267;HANLEY, LIZ;The Ecstasy Of St, Cécilia;Johnston;Google Play;7 / 0,000 / 0,000;0,00
CD 06267;HANLEY, LIZ;The Ecstasy Of St, Cécilia;Keg of Brandy;Spotify;5 / 0,004 / 0,003;0,02
CD 06267;HANLEY, LIZ;The Ecstasy Of St, Cécilia;My Son Tim;AmazonCloud;5 / 0,001 / 0,001;0,00
CD 06267;HANLEY, LIZ;The Ecstasy Of St, Cécilia;My Son Tim;Google Play;6 / 0,000 / 0,000;0,00
CD 06267;HANLEY, LIZ;The Ecstasy Of St, Cécilia;My Son Tim;Spotify;3 / 0,005 / 0,004;0,01
CD 06267;HANLEY, LIZ;The Ecstasy Of St, Cécilia;Sanctuary;Google Play;1 / 0,000 / 0,000;0,00
CD 06267;HANLEY, LIZ;The Ecstasy Of St, Cécilia;Sanctuary;Spotify;2 / 0,001 / 0,001;0,00
CD 06267;HANLEY, LIZ;The Ecstasy Of St, Cécilia;Southwind;Google Play;6 / 0,000 / 0,000;0,00
CD 06267;HANLEY, LIZ;The Ecstasy Of St, Cécilia;Southwind;Spotify;1 / 0,001 / 0,001;0,00
CD 06267;HANLEY, LIZ;The Ecstasy Of St, Cécilia; ;iTunes;1 / 4,590 / 3,672;3,67
CD 06267;HANLEY, LIZ;The Ecstasy Of St, Cécilia;Isle of St, Helena;Spotify;3 / 0,003 / 0,002;0,01
CD 06267;HANLEY, LIZ;The Ecstasy Of St, Cécilia;Isle of St, Helena;iTunes;1 / -0,600 / -0,480;-0,48
CD 06267;HANLEY, LIZ;The Ecstasy Of St, Cécilia;Bodenstown Churchyard;Spotify;3 / 0,003 / 0,002;0,01
CD 06267;HANLEY, LIZ;The Ecstasy Of St, Cécilia;April s Fool / I Ne er Shall Wean Her;Google Play;1 / 0,000 / 0,000;0,00
CD 06267;HANLEY, LIZ;The Ecstasy Of St, Cécilia;April s Fool / I Ne er Shall Wean Her;iTunes;1 / -0,600 / -0,480;-0,48
CD 06267;HANLEY, LIZ;The Ecstasy Of St, Cécilia;April s Fool / I Ne er Shall Wean Her;Spotify;3 / 0,002 / 0,002;0,01
CD 06267;HANLEY, LIZ;The Ecstasy Of St, Cécilia;Bodenstown Churchyard;Google Play;6 / 0,000 / 0,000;0,00
CD 06267;HANLEY, LIZ;The Ecstasy Of St, Cécilia;Bodenstown Churchyard;Wimp;2 / 0,011 / 0,009;0,02
CD 06267;HANLEY, LIZ;The Ecstasy Of St, Cécilia;Bonny Light Horseman;Google Play;6 / 0,000 / 0,000;0,00
CD 06267;HANLEY, LIZ;The Ecstasy Of St, Cécilia;Bonny Light Horseman;Spotify;16 / 0,003 / 0,003;0,04
CD 06267;HANLEY, LIZ;The Ecstasy Of St, Cécilia;Crooked Road to Dublin / Considine s Grove;Google Play;6 / 0,000 / 0,000;0,00
CD 06267;HANLEY, LIZ;The Ecstasy Of St, Cécilia;Isle of St, Helena;Google Play;7 / 0,000 / 0,000;0,00
CD 06267;HANLEY, LIZ;The Ecstasy Of St, Cécilia;Dark Horse on the Wind;Spotify;7 / 0,003 / 0,002;0,02
CD 06267;HANLEY, LIZ;The Ecstasy Of St, Cécilia;Dark Horse on the Wind;iTunes;1 / -0,600 / -0,480;-0,48
CD 06267;HANLEY, LIZ;The Ecstasy Of St, Cécilia;Dark Horse on the Wind;Google Play;1 / 0,000 / 0,000;0,00
CD 06267;HANLEY, LIZ;The Ecstasy Of St, Cécilia;Crooked Road to Dublin / Considine s Grove;Spotify;6 / 0,003 / 0,002;0,01
CD 06267;HANLEY, LIZ;The Ecstasy Of St, Cécilia;Crooked Road to Dublin / Considine s Grove;iTunes;1 / -0,600 / -0,480;-0,48
CD 06270;ALLEN, STEVE;Wreck the Place;I m Not a Racist, but,;Spotify;20 / 0,004 / 0,003;0,07
CD 06270;ALLEN, STEVE;Wreck the Place;When It All Began;Spotify;16 / 0,005 / 0,004;0,06
CD 06270;ALLEN, STEVE;Wreck the Place;Like an Old Toy;Spotify;18 / 0,004 / 0,003;0,06
CD 06270;ALLEN, STEVE;Wreck the Place;Like an Old Toy;YouTube;10 / 0,000 / 0,000;0,00
CD 06270;ALLEN, STEVE;Wreck the Place;Mentally Ill;Spotify;17 / 0,005 / 0,004;0,06
CD 06270;ALLEN, STEVE;Wreck the Place;Orwell s Dream;Spotify;15 / 0,005 / 0,004;0,06
CD 06270;ALLEN, STEVE;Wreck the Place;Don t You Dare;Spotify;19 / 0,004 / 0,003;0,06
CD 06270;ALLEN, STEVE;Wreck the Place;Destruction Is a Virtue;Spotify;16 / 0,006 / 0,005;0,07
CD 06270;ALLEN, STEVE;Wreck the Place;Dead Man;Spotify;17 / 0,005 / 0,004;0,06
CD 06270;ALLEN, STEVE;Wreck the Place;Ghost in the Crowd;Spotify;16 / 0,004 / 0,004;0,06
CD 06270;ALLEN, STEVE;Wreck the Place;Braining Cats and Dogs;Deezer;1 / 0,003 / 0,003;0,00
CD 06270;ALLEN, STEVE;Wreck the Place;Braining Cats and Dogs;Spotify;18 / 0,005 / 0,004;0,07
CD 06270;ALLEN, STEVE;Wreck the Place;Cannon and Bull;Spotify;14 / 0,005 / 0,004;0,06
CD 06270;ALLEN, STEVE;Wreck the Place;Dead Grey Sky;Spotify;19 / 0,005 / 0,004;0,07
CD 06272;OWLS OF THE SWAMP;Atlas;The Fall;Napster;3 / 0,008 / 0,006;0,02
CD 06272;OWLS OF THE SWAMP;Atlas;The Fall;Google Play;5 / 0,000 / 0,000;0,00
CD 06272;OWLS OF THE SWAMP;Atlas;Shelter;Spotify;48 / 0,004 / 0,003;0,17
CD 06272;OWLS OF THE SWAMP;Atlas;Shelter;Napster;1 / 0,008 / 0,006;0,01
CD 06272;OWLS OF THE SWAMP;Atlas;Shelter;Google Play;5 / 0,000 / 0,000;0,00
CD 06272;OWLS OF THE SWAMP;Atlas;Shapeshifter;Spotify;80 / 0,004 / 0,003;0,28
CD 06272;OWLS OF THE SWAMP;Atlas;Shapeshifter;Napster;2 / 0,008 / 0,006;0,01
CD 06272;OWLS OF THE SWAMP;Atlas;Shapeshifter;Google Play;6 / 0,000 / 0,000;0,00
CD 06272;OWLS OF THE SWAMP;Atlas;The Fall;Spotify;47 / 0,004 / 0,003;0,16
CD 06272;OWLS OF THE SWAMP;Atlas;The Hypnotist;Amazon;1 / 0,550 / 0,440;0,44
CD 06272;OWLS OF THE SWAMP;Atlas;The Hypnotist;Google Play;18 / 0,000 / 0,000;0,00
CD 06272;OWLS OF THE SWAMP;Atlas;Water Song;Spotify;32 / 0,004 / 0,003;0,11
CD 06272;OWLS OF THE SWAMP;Atlas;Water Song;Napster;1 / 0,008 / 0,006;0,01
CD 06272;OWLS OF THE SWAMP;Atlas;Water Song;Google Play;5 / 0,000 / 0,000;0,00
CD 06272;OWLS OF THE SWAMP;Atlas;The Hypnotist;YouTube;86 / 0,000 / 0,000;0,01
CD 06272;OWLS OF THE SWAMP;Atlas;The Hypnotist;Wimp;1 / 0,010 / 0,008;0,01
CD 06272;OWLS OF THE SWAMP;Atlas;The Hypnotist;Spotify;199 / 0,004 / 0,003;0,57
CD 06272;OWLS OF THE SWAMP;Atlas;The Hypnotist;Napster;2 / 0,008 / 0,006;0,01
CD 06272;OWLS OF THE SWAMP;Atlas;The Hypnotist;iTunes;3 / 0,503 / 0,403;1,21
CD 06272;OWLS OF THE SWAMP;Atlas;Restless;Spotify;223 / 0,003 / 0,002;0,51
CD 06272;OWLS OF THE SWAMP;Atlas;Restless;Napster;2 / 0,008 / 0,006;0,01
CD 06272;OWLS OF THE SWAMP;Atlas;Garden;Spotify;55 / 0,004 / 0,003;0,19
CD 06272;OWLS OF THE SWAMP;Atlas;Garden;Napster;6 / 0,008 / 0,006;0,04
CD 06272;OWLS OF THE SWAMP;Atlas;Garden;JB Hi-Fi;1 / 0,007 / 0,005;0,01
CD 06272;OWLS OF THE SWAMP;Atlas;Garden;Google Play;13 / 0,000 / 0,000;0,00
CD 06272;OWLS OF THE SWAMP;Atlas;Garden;Deezer;6 / 0,003 / 0,002;0,01
CD 06272;OWLS OF THE SWAMP;Atlas;Closer Now;Spotify;43 / 0,004 / 0,004;0,15
CD 06272;OWLS OF THE SWAMP;Atlas;Closer Now;Napster;1 / 0,008 / 0,006;0,01
CD 06272;OWLS OF THE SWAMP;Atlas;Closer Now;JB Hi-Fi;1 / 0,007 / 0,005;0,01
CD 06272;OWLS OF THE SWAMP;Atlas;Garden;Wimp;1 / 0,010 / 0,008;0,01
CD 06272;OWLS OF THE SWAMP;Atlas;Garden;YouTube;159 / 0,000 / 0,000;0,00
CD 06272;OWLS OF THE SWAMP;Atlas;Restless;Google Play;5 / 0,000 / 0,000;0,00
CD 06272;OWLS OF THE SWAMP;Atlas;Grandfather Clock;Wimp;2 / 0,011 / 0,009;0,02
CD 06272;OWLS OF THE SWAMP;Atlas;Grandfather Clock;Spotify;27 / 0,004 / 0,003;0,09
CD 06272;OWLS OF THE SWAMP;Atlas;Grandfather Clock;Napster;1 / 0,008 / 0,006;0,01
CD 06272;OWLS OF THE SWAMP;Atlas;Grandfather Clock;Google Play;5 / 0,000 / 0,000;0,00
CD 06272;OWLS OF THE SWAMP;Atlas;Going Home;Spotify;31 / 0,005 / 0,004;0,11
CD 06272;OWLS OF THE SWAMP;Atlas;Going Home;Napster;4 / 0,008 / 0,006;0,03
CD 06272;OWLS OF THE SWAMP;Atlas;Going Home;Google Play;5 / 0,000 / 0,000;0,00
CD 06272;OWLS OF THE SWAMP;Atlas;Closer Now;Google Play;5 / 0,000 / 0,000;0,00
CD 09626;OVERDRIVE AMP EXPLOSION;Intervals;Intervals;Google Play;15 / 0,000 / 0,000;0,00
CD 09626;OVERDRIVE AMP EXPLOSION;Intervals;Intervals;Spotify;1 / 0,002 / 0,002;0,00
CD 09626;OVERDRIVE AMP EXPLOSION;Intervals;Intervals;Wimp;2 / 0,012 / 0,010;0,02
CD 09626;OVERDRIVE AMP EXPLOSION;Intervals;Home;Spotify;1 / 0,003 / 0,002;0,00
CD 09744;SCHRADER, MEIKE/COLMORGEN, WIEBKE;Hamburg, Mien Hoben - Split Single;Hamborg, mien Hoben;Google Play;2 / 0,000 / 0,000;0,00
CD 09744;SCHRADER, MEIKE/COLMORGEN, WIEBKE;Hamburg, Mien Hoben - Split Single;Hamborg, mien Hoben;iTunes;2 / 0,605 / 0,484;0,97
CD 09744;SCHRADER, MEIKE/COLMORGEN, WIEBKE;Hamburg, Mien Hoben - Split Single;Hamburg, mein Hafen;Napster;19 / 0,008 / 0,006;0,12
CD 09744;SCHRADER, MEIKE/COLMORGEN, WIEBKE;Hamburg, Mien Hoben - Split Single;Hamburg, mein Hafen;Amazon;1 / 0,500 / 0,400;0,40
CD 09744;SCHRADER, MEIKE/COLMORGEN, WIEBKE;Hamburg, Mien Hoben - Split Single;Weg vun t Dörp un nah Hamborg;iTunes;1 / 0,600 / 0,480;0,48
CD 09744;SCHRADER, MEIKE/COLMORGEN, WIEBKE;Hamburg, Mien Hoben - Split Single;Hamburg, mein Hafen;Google Play;15 / 0,155 / 0,124;1,86
CD 09744;SCHRADER, MEIKE/COLMORGEN, WIEBKE;Hamburg, Mien Hoben - Split Single;Hamborg, mien Hoben;Xbox Music;1 / 0,028 / 0,023;0,02
CD 09744;SCHRADER, MEIKE/COLMORGEN, WIEBKE;Hamburg, Mien Hoben - Split Single;Hamburg, mein Hafen;iTunes;2 / 0,605 / 0,484;0,97
CD 09782;OUTROADS;Only The Lonely?;Sleeping Sun;Wimp;2 / 0,012 / 0,010;0,02
CD 09783;OUTROADS;Goodbye To All That;Amigo Mio (Bacon);Spotify;3 / 0,008 / 0,006;0,02
CD 09783;OUTROADS;Goodbye To All That;Kate s Song;Spotify;2 / 0,009 / 0,007;0,01
CD 09783;OUTROADS;Goodbye To All That;My Angels;Spotify;5 / 0,007 / 0,006;0,03
CD 09783;OUTROADS;Goodbye To All That;My Angels;YouTube;2 / 0,000 / 0,000;0,00
CD 09783;OUTROADS;Goodbye To All That;No Accident;Spotify;3 / 0,009 / 0,007;0,02
CD 09783;OUTROADS;Goodbye To All That;Quiet One at the Back;Spotify;2 / 0,009 / 0,007;0,01
CD 09783;OUTROADS;Goodbye To All That;Restless Spirit Blues;Spotify;3 / 0,009 / 0,007;0,02
CD 09783;OUTROADS;Goodbye To All That;Rooms in Space;Spotify;6 / 0,009 / 0,007;0,04
CD 09783;OUTROADS;Goodbye To All That;Rooms in Space;YouTube;14 / 0,000 / 0,000;0,00
CD 09783;OUTROADS;Goodbye To All That;Waiting Room;Spotify;2 / 0,009 / 0,007;0,01
CD 09783;OUTROADS;Goodbye To All That;Brother;Spotify;4 / 0,009 / 0,007;0,03
CD 09783;OUTROADS;Goodbye To All That;Instrumental;Spotify;2 / 0,009 / 0,007;0,01
CD 09783;OUTROADS;Goodbye To All That;Hold;Spotify;3 / 0,006 / 0,005;0,02
CD 09783;OUTROADS;Goodbye To All That;Hellbound on My Trail;Spotify;4 / 0,009 / 0,007;0,03
CD 09783;OUTROADS;Goodbye To All That;Heads Up;Spotify;7 / 0,009 / 0,007;0,05
CD 09783;OUTROADS;Goodbye To All That;Goodnight;Spotify;3 / 0,009 / 0,007;0,02
CD 09783;OUTROADS;Goodbye To All That;Can You Make Me Feel Good?;Spotify;2 / 0,009 / 0,007;0,01
CD 09783;OUTROADS;Goodbye To All That;Just in Case;Spotify;2 / 0,009 / 0,007;0,01
CD 09884;BISI, MARTIN ;Sirens Of The Apocalypse;Mary Maudlin;Spotify;1 / 0,006 / 0,005;0,01
CD 09929;BONE LAB,THE ;Fresh Meat;Hole Again;Spotify;4 / 0,009 / 0,007;0,03
CD 09929;BONE LAB,THE ;Fresh Meat;Sexy Time;Spotify;4 / 0,007 / 0,006;0,02
CD 09929;BONE LAB,THE ;Fresh Meat;Too Cold (Clap Attack);Spotify;4 / 0,007 / 0,006;0,02
CD 09929;BONE LAB,THE ;Fresh Meat;We Are the Shit (Live);Spotify;4 / 0,009 / 0,007;0,03
CD 09929;BONE LAB,THE ;Fresh Meat;Manifesto;Spotify;5 / 0,008 / 0,006;0,03
CD 09929;BONE LAB,THE ;Fresh Meat;Man Work;Spotify;3 / 0,009 / 0,007;0,02
CD 13901;ASTRID S FARM ;Cyclist;Full Metall Jacket;Wimp;3 / 0,012 / 0,010;0,03
CD 13901;ASTRID S FARM ;Cyclist;Full Metall Jacket;Spotify;8 / 0,002 / 0,001;0,01
CD 13901;ASTRID S FARM ;Cyclist;Cyclist;Spotify;1 / 0,001 / 0,001;0,00
CD 13901;ASTRID S FARM ;Cyclist;Full Metall Jacket;AmazonCloud;6 / 0,001 / 0,001;0,01
CD 13901;ASTRID S FARM ;Cyclist;The Nerds Templar;Spotify;2 / 0,006 / 0,005;0,01
CD 13903;XRFARFLIGHT ;The Early Bird;mountain;AmazonCloud;10 / 0,001 / 0,001;0,01
CD 13903;XRFARFLIGHT ;The Early Bird;mountain;Spotify;2 / 0,003 / 0,003;0,01
CD 13903;XRFARFLIGHT ;The Early Bird;protoplanets;AmazonCloud;10 / 0,001 / 0,001;0,01
CD 13903;XRFARFLIGHT ;The Early Bird;Settling;AmazonCloud;10 / 0,001 / 0,001;0,01
CD 13903;XRFARFLIGHT ;The Early Bird;protoplanets;Spotify;5 / 0,002 / 0,001;0,01
CD 13903;XRFARFLIGHT ;The Early Bird;Settling;Spotify;1 / 0,006 / 0,005;0,01
CD 13903;XRFARFLIGHT ;The Early Bird;Slow Motion Hospitalism;AmazonCloud;10 / 0,001 / 0,001;0,01
CD 13903;XRFARFLIGHT ;The Early Bird;Slow Motion Hospitalism;Spotify;2 / 0,004 / 0,003;0,01
CD 13903;XRFARFLIGHT ;The Early Bird;Smashing Bubbles;AmazonCloud;10 / 0,001 / 0,001;0,01
CD 13903;XRFARFLIGHT ;The Early Bird;Messy Lane;Spotify;2 / 0,004 / 0,003;0,01
CD 13903;XRFARFLIGHT ;The Early Bird;Messy Lane;AmazonCloud;10 / 0,001 / 0,001;0,01
CD 13903;XRFARFLIGHT ;The Early Bird;mad bedcine;Spotify;1 / 0,001 / 0,001;0,00
CD 13903;XRFARFLIGHT ;The Early Bird;Dream Theatre;AmazonCloud;10 / 0,001 / 0,001;0,01
CD 13903;XRFARFLIGHT ;The Early Bird;Dream Theatre;Spotify;5 / 0,003 / 0,003;0,01
CD 13903;XRFARFLIGHT ;The Early Bird;freq, Ghost;Spotify;2 / 0,004 / 0,003;0,01
CD 13903;XRFARFLIGHT ;The Early Bird;Helicopter;Spotify;1 / 0,001 / 0,001;0,00
CD 13903;XRFARFLIGHT ;The Early Bird;freq, Ghost;AmazonCloud;10 / 0,001 / 0,001;0,01
CD 13903;XRFARFLIGHT ;The Early Bird;Helicopter;Wimp;1 / 0,012 / 0,010;0,01
CD 13903;XRFARFLIGHT ;The Early Bird;l,f, anthill;AmazonCloud;10 / 0,001 / 0,001;0,01
CD 13903;XRFARFLIGHT ;The Early Bird;l,f, anthill;Spotify;2 / 0,004 / 0,003;0,01
CD 13903;XRFARFLIGHT ;The Early Bird;mad bedcine;AmazonCloud;10 / 0,001 / 0,001;0,01
CD 13903;XRFARFLIGHT ;The Early Bird;Helicopter;AmazonCloud;10 / 0,001 / 0,001;0,01
CD 13906;EMMY MOLL;All The Monsters;Tortoise;AmazonCloud;25 / 0,000 / 0,000;0,00
CD 13906;EMMY MOLL;All The Monsters;Drifted;Spotify;4 / 0,003 / 0,002;0,01
CD 13906;EMMY MOLL;All The Monsters;Drifted;AmazonCloud;25 / 0,000 / 0,000;0,00
CD 13906;EMMY MOLL;All The Monsters;Cloud No,9;Spotify;1 / 0,001 / 0,001;0,00
CD 13906;EMMY MOLL;All The Monsters;Cloud No,9;AmazonCloud;25 / 0,000 / 0,000;0,00
CD 13906;EMMY MOLL;All The Monsters;Bird;AmazonCloud;25 / 0,000 / 0,000;0,00
CD 13906;EMMY MOLL;All The Monsters;Be Light;Spotify;6 / 0,001 / 0,001;0,00
CD 13906;EMMY MOLL;All The Monsters;Be Light;simfy;1 / 0,018 / 0,014;0,01
CD 13906;EMMY MOLL;All The Monsters;Be Light;AmazonCloud;27 / 0,000 / 0,000;0,00
CD 13906;EMMY MOLL;All The Monsters;Inside a Shell;AmazonCloud;25 / 0,000 / 0,000;0,00
CD 13906;EMMY MOLL;All The Monsters;Your Course;Spotify;1 / 0,001 / 0,001;0,00
CD 13906;EMMY MOLL;All The Monsters;Your Course;AmazonCloud;25 / 0,000 / 0,000;0,00
CD 13906;EMMY MOLL;All The Monsters;Seagull;AmazonCloud;25 / 0,000 / 0,000;0,00
CD 13906;EMMY MOLL;All The Monsters;Seagull;Spotify;2 / 0,001 / 0,001;0,00
CD 13906;EMMY MOLL;All The Monsters;Time lapse Photography;AmazonCloud;25 / 0,000 / 0,000;0,00
CD 13906;EMMY MOLL;All The Monsters;Time lapse Photography;Spotify;3 / 0,003 / 0,002;0,01
CD 13906;EMMY MOLL;All The Monsters;Inside a Shell;Spotify;1 / 0,001 / 0,001;0,00
CD 13906;EMMY MOLL;All The Monsters;View;AmazonCloud;25 / 0,000 / 0,000;0,00
CD 13906;EMMY MOLL;All The Monsters;View;Spotify;2 / 0,001 / 0,001;0,00
CD 13906;EMMY MOLL;All The Monsters;Figurines;AmazonCloud;25 / 0,000 / 0,000;0,00
CD 13908;DEAR JOHN LETTER ;Between Leaves/Forestal;Towers / Trees;AmazonCloud;5 / 0,001 / 0,001;0,00
CD 13908;DEAR JOHN LETTER ;Between Leaves/Forestal;In the Sticks / Between Leaves;AmazonCloud;6 / 0,001 / 0,001;0,00
CD 13908;DEAR JOHN LETTER ;Between Leaves/Forestal;Clearing / Leaving;AmazonCloud;6 / 0,001 / 0,001;0,00
CD 13908;DEAR JOHN LETTER ;Between Leaves/Forestal;Towers / Trees;Spotify;3 / 0,003 / 0,002;0,01
CD 13908;DEAR JOHN LETTER ;Between Leaves/Forestal;Trap / Black Kite;Spotify;1 / 0,006 / 0,005;0,00
CD 13908;DEAR JOHN LETTER ;Between Leaves/Forestal;Trap / Black Kite;AmazonCloud;5 / 0,001 / 0,001;0,00
CD 13908;DEAR JOHN LETTER ;Between Leaves/Forestal;Aventiure / Pearly Gates;Spotify;1 / 0,001 / 0,001;0,00
CD 13908;DEAR JOHN LETTER ;Between Leaves/Forestal;Annual Ring / Enclosure;Spotify;1 / 0,009 / 0,007;0,01
CD 13908;DEAR JOHN LETTER ;Between Leaves/Forestal;Aventiure / Pearly Gates;AmazonCloud;5 / 0,001 / 0,001;0,00
CD 13908;DEAR JOHN LETTER ;Between Leaves/Forestal;Annual Ring / Enclosure;AmazonCloud;5 / 0,001 / 0,001;0,00
CD 13910;FRAU KRAUSHAAR ;Le Salon Is Very Morbidä;Politiki Dummes Ficki;Spotify;2 / 0,004 / 0,003;0,01
CD 13910;FRAU KRAUSHAAR ;Le Salon Is Very Morbidä;Politiki Dummes Ficki;AmazonCloud;10 / 0,000 / 0,000;0,00
CD 13910;FRAU KRAUSHAAR ;Le Salon Is Very Morbidä;Oh Gaga Oh Jeh;Spotify;5 / 0,005 / 0,004;0,02
CD 13910;FRAU KRAUSHAAR ;Le Salon Is Very Morbidä;Oh Gaga Oh Jeh;AmazonCloud;10 / 0,000 / 0,000;0,00
CD 13910;FRAU KRAUSHAAR ;Le Salon Is Very Morbidä;Wellnesspunkt de;AmazonCloud;10 / 0,000 / 0,000;0,00
CD 13910;FRAU KRAUSHAAR ;Le Salon Is Very Morbidä;Not Controlled;Spotify;2 / 0,002 / 0,001;0,00
CD 13910;FRAU KRAUSHAAR ;Le Salon Is Very Morbidä;Not Controlled;AmazonCloud;10 / 0,000 / 0,000;0,00
CD 13910;FRAU KRAUSHAAR ;Le Salon Is Very Morbidä;Popopaits;AmazonCloud;10 / 0,000 / 0,000;0,00
CD 13910;FRAU KRAUSHAAR ;Le Salon Is Very Morbidä;Tuperte;AmazonCloud;10 / 0,000 / 0,000;0,00
CD 13910;FRAU KRAUSHAAR ;Le Salon Is Very Morbidä;Romy;Spotify;1 / 0,003 / 0,002;0,00
CD 13910;FRAU KRAUSHAAR ;Le Salon Is Very Morbidä;Romy;Google Play;1 / 0,000 / 0,000;0,00
CD 13910;FRAU KRAUSHAAR ;Le Salon Is Very Morbidä;Romy;AmazonCloud;10 / 0,000 / 0,000;0,00
CD 13910;FRAU KRAUSHAAR ;Le Salon Is Very Morbidä;Tuperte;Google Play;1 / 0,000 / 0,000;0,00
CD 13910;FRAU KRAUSHAAR ;Le Salon Is Very Morbidä;Tuperte;Spotify;3 / 0,004 / 0,003;0,01
CD 13910;FRAU KRAUSHAAR ;Le Salon Is Very Morbidä;Wellnesspunkt de;Spotify;1 / 0,003 / 0,002;0,00
CD 13910;FRAU KRAUSHAAR ;Le Salon Is Very Morbidä;Raum und Zeit;AmazonCloud;10 / 0,000 / 0,000;0,00
CD 13910;FRAU KRAUSHAAR ;Le Salon Is Very Morbidä;Popopaits;Spotify;1 / 0,003 / 0,002;0,00
CD 13910;FRAU KRAUSHAAR ;Le Salon Is Very Morbidä;Muh Kuh;Spotify;2 / 0,001 / 0,001;0,00
CD 13910;FRAU KRAUSHAAR ;Le Salon Is Very Morbidä;Muh Kuh;AmazonCloud;10 / 0,000 / 0,000;0,00
CD 13910;FRAU KRAUSHAAR ;Le Salon Is Very Morbidä;Court of Love;Google Play;1 / 0,000 / 0,000;0,00
CD 13910;FRAU KRAUSHAAR ;Le Salon Is Very Morbidä;Court of Love;Spotify;2 / 0,003 / 0,002;0,00
CD 13910;FRAU KRAUSHAAR ;Le Salon Is Very Morbidä;Wellnesspunkt de;YouTube;1 / 0,000 / 0,000;0,00
CD 13910;FRAU KRAUSHAAR ;Le Salon Is Very Morbidä;Elektroniskä Pülsä;AmazonCloud;11 / 0,000 / 0,000;0,00
CD 13910;FRAU KRAUSHAAR ;Le Salon Is Very Morbidä;Elektroniskä Pülsä;Spotify;9 / 0,006 / 0,005;0,05
CD 13910;FRAU KRAUSHAAR ;Le Salon Is Very Morbidä;Kannst Du mir verraten;AmazonCloud;10 / 0,000 / 0,000;0,00
CD 13910;FRAU KRAUSHAAR ;Le Salon Is Very Morbidä;Kannst Du mir verraten;Spotify;1 / 0,009 / 0,007;0,01
CD 13910;FRAU KRAUSHAAR ;Le Salon Is Very Morbidä;Logans Run;AmazonCloud;16 / 0,000 / 0,000;0,00
CD 13910;FRAU KRAUSHAAR ;Le Salon Is Very Morbidä;Logans Run;Deezer;1 / 0,003 / 0,003;0,00
CD 13910;FRAU KRAUSHAAR ;Le Salon Is Very Morbidä;Logans Run;Spotify;1 / 0,003 / 0,002;0,00
CD 13910;FRAU KRAUSHAAR ;Le Salon Is Very Morbidä;Barbara;AmazonCloud;10 / 0,000 / 0,000;0,00
CD 13910;FRAU KRAUSHAAR ;Le Salon Is Very Morbidä;Cats on Crack;AmazonCloud;16 / 0,000 / 0,000;0,00
CD 13910;FRAU KRAUSHAAR ;Le Salon Is Very Morbidä;Cats on Crack;Spotify;20 / 0,002 / 0,001;0,03
CD 13910;FRAU KRAUSHAAR ;Le Salon Is Very Morbidä;Court of Love;AmazonCloud;10 / 0,000 / 0,000;0,00
LP 06259;OVERDRIVE AMP EXPLOSION/EASY TIGER ;Overdrive Amp Explosion/Easy Tiger (Split-LP);Action Action;Spotify;1 / 0,006 / 0,005;0,01
LP 06259;OVERDRIVE AMP EXPLOSION/EASY TIGER ;Overdrive Amp Explosion/Easy Tiger (Split-LP);Electric Weirdos;Spotify;1 / 0,006 / 0,005;0,00
LP 06268;FROGBELLY AND SYMPHONY;The Eye EP (+CD);Amour fou;iTunes;1 / 0,450 / 0,360;0,36
LP 06268;FROGBELLY AND SYMPHONY;The Eye EP (+CD);Matze;Spotify;1 / 0,001 / 0,001;0,00
LP 06268;FROGBELLY AND SYMPHONY;The Eye EP (+CD);Kookaburra;iTunes;1 / 0,450 / 0,360;0,36
LP 06268;FROGBELLY AND SYMPHONY;The Eye EP (+CD);Kookaburra;Spotify;2 / 0,001 / 0,001;0,00
LP 06268;FROGBELLY AND SYMPHONY;The Eye EP (+CD);Lonely Seabird;iTunes;1 / 0,450 / 0,360;0,36
LP 06268;FROGBELLY AND SYMPHONY;The Eye EP (+CD);Lonely Seabird;YouTube;3 / 0,002 / 0,001;0,00
LP 06268;FROGBELLY AND SYMPHONY;The Eye EP (+CD);Matze;iTunes;1 / 0,450 / 0,360;0,36
LP 06268;FROGBELLY AND SYMPHONY;The Eye EP (+CD);Amour fou;Deezer;1 / 0,009 / 0,007;0,01
LP 06268;FROGBELLY AND SYMPHONY;The Eye EP (+CD);Amour fou;Spotify;6 / 0,003 / 0,002;0,01
LP 06268;FROGBELLY AND SYMPHONY;The Eye EP (+CD);Sugar Castles;Spotify;1 / 0,001 / 0,001;0,00
LP 06268;FROGBELLY AND SYMPHONY;The Eye EP (+CD);Sugar Castles;iTunes;1 / 0,450 / 0,360;0,36
LP 06268;FROGBELLY AND SYMPHONY;The Eye EP (+CD);Paying the Price;iTunes;1 / 0,450 / 0,360;0,36
LP 06268;FROGBELLY AND SYMPHONY;The Eye EP (+CD);Matze;YouTube;2 / 0,002 / 0,001;0,00

total sales;total amount;v.a.t.;total value
4140;63,11;0,00;63,11 EURO

