statement national reference no: 924352, date: 31.05.2017, salesperiode: 01.05.2017-31.05.2017

article no;artist / title;stock begin / end;arrivals dispatch;domestic qty/dealer/net(aver.);amount domestic;export qty;returns domestic qty/dealer/domestic net(aver.);amount returns domestic;f.o.c dom.;total amount
7"*06256;Tonfang/ThePiss;1 / 1;0 / 0;0 / 0,000 / 0,000;0,00;0;0 / 0,000 / 0,000;-0,00;0;0,00
7"*06271;LonesomeStation/s.t.;1 / 1;0 / 0;0 / 0,000 / 0,000;0,00;0;0 / 0,000 / 0,000;-0,00;0;0,00
CD 06264;MeikeSchrader/DasGrün...;54 / 54;0 / 0;0 / 0,000 / 0,000;0,00;0;0 / 0,000 / 0,000;-0,00;0;0,00
CD 06277;Phia/TheOceanOfEverything;123 / 136;0 / 0;0 / 0,000 / 0,000;0,00;-1;12 / 8,591 / 5,842;-70,11;0;-70,11
CD 06278;CinemaCinema/ManBitesDog;185 / 161;0 / 5;18 / 9,040 / 6,147;110,65;1;0 / 0,000 / 0,000;-0,00;0;110,65
CD*06251;KidDecker/Reveries;3 / 3;0 / 0;0 / 0,000 / 0,000;0,00;0;0 / 0,000 / 0,000;-0,00;0;0,00
CD*06252;V.A./MelodicaCompilation1;18 / 18;0 / 0;0 / 0,000 / 0,000;0,00;0;0 / 0,000 / 0,000;-0,00;0;0,00
CD*06253;DearJohnLetter/PartAndFragment;2 / 2;0 / 0;0 / 0,000 / 0,000;0,00;0;0 / 0,000 / 0,000;-0,00;0;0,00
CD*06254;KidDecker/YourKind;4 / 4;0 / 0;0 / 0,000 / 0,000;0,00;0;0 / 0,000 / 0,000;-0,00;0;0,00
CD*06255;Binoculers/EverySeaman s...;22 / 21;0 / 0;1 / 8,401 / 5,713;5,71;0;0 / 0,000 / 0,000;-0,00;0;5,71
CD*06257;T.Stock/Rocket;2 / 2;0 / 0;0 / 0,000 / 0,000;0,00;0;0 / 0,000 / 0,000;-0,00;0;0,00
CD*06258;OverdriveAmpExplosion/Blanks;4 / 4;0 / 0;0 / 0,000 / 0,000;0,00;0;0 / 0,000 / 0,000;-0,00;0;0,00
CD*06260;StarsForTheBanned/StarsForTheBanned;3 / 3;0 / 0;0 / 0,000 / 0,000;0,00;0;0 / 0,000 / 0,000;-0,00;0;0,00
CD*06261;OwlsOfTheSwamp/GoWithRiver;13 / 13;0 / 0;0 / 0,000 / 0,000;0,00;0;0 / 0,000 / 0,000;-0,00;0;0,00
CD*06263;V.A./MelodicaCompilation2;8 / 8;0 / 0;0 / 0,000 / 0,000;0,00;0;0 / 0,000 / 0,000;-0,00;0;0,00
CD*06265;N.Wilckens/StoriesTheSea...;4 / 4;0 / 0;0 / 0,000 / 0,000;0,00;0;0 / 0,000 / 0,000;-0,00;0;0,00
CD*06266;Outroads/IAmHappy;6 / 6;0 / 0;0 / 0,000 / 0,000;0,00;0;0 / 0,000 / 0,000;-0,00;0;0,00
CD*06267;LizHanley/TheEcstasy...;4 / 4;0 / 0;0 / 0,000 / 0,000;0,00;0;0 / 0,000 / 0,000;-0,00;0;0,00
CD*06270;St.Allen/WreckThe...;3 / 3;0 / 0;0 / 0,000 / 0,000;0,00;0;0 / 0,000 / 0,000;-0,00;0;0,00
CD*06272;OwlsOfTheSwamp/Atlas;93 / 93;0 / 0;0 / 0,000 / 0,000;0,00;0;0 / 0,000 / 0,000;-0,00;0;0,00
CD*06275;FrogbellyAndSymphony/BlueBright...;77 / 78;0 / 0;0 / 0,000 / 0,000;0,00;0;1 / 8,112 / 5,516;-5,52;0;-5,52
CD*13901;AstridsFarm/Cyclist;3 / 3;0 / 0;0 / 0,000 / 0,000;0,00;0;0 / 0,000 / 0,000;-0,00;0;0,00
CD*13903;Xrfarflight/TheEarlyBird;5 / 5;0 / 0;0 / 0,000 / 0,000;0,00;0;0 / 0,000 / 0,000;-0,00;0;0,00
CD*13906;EmmyMoll/AllTheMonsters;2 / 2;0 / 0;0 / 0,000 / 0,000;0,00;0;0 / 0,000 / 0,000;-0,00;0;0,00
CD*13908;DearJohnLetter/Between Leaves-Forestal;2 / 2;0 / 0;0 / 0,000 / 0,000;0,00;0;0 / 0,000 / 0,000;-0,00;0;0,00
CD*13910;FrauKraushaar/LeSalonIsVeryMorbidä;3 / 3;0 / 0;0 / 0,000 / 0,000;0,00;0;0 / 0,000 / 0,000;-0,00;0;0,00
CD*13912;V.A./IntroducingLabelship;1 / 1;0 / 0;0 / 0,000 / 0,000;0,00;0;0 / 0,000 / 0,000;-0,00;0;0,00
LP 06279;CinemaCinema/ManBitesDog;54 / 36;0 / 0;17 / 12,269 / 8,343;141,83;1;0 / 0,000 / 0,000;-0,00;0;141,83
LP*05257;Binoculers/EverySeaman s...;6 / 6;0 / 0;0 / 0,000 / 0,000;0,00;0;0 / 0,000 / 0,000;-0,00;0;0,00
LP*06259;OverdriveAmpExplosion/EasyTiger(Split-EP;4 / 4;0 / 0;0 / 0,000 / 0,000;0,00;0;0 / 0,000 / 0,000;-0,00;0;0,00
LP*06268;Frogbelly.../TheEye;25 / 25;0 / 0;0 / 0,000 / 0,000;0,00;0;0 / 0,000 / 0,000;-0,00;0;0,00
LP*06273;OwlsOfTheSwamp/Atlas(Lim.Ed.);20 / 20;0 / 0;0 / 0,000 / 0,000;0,00;0;0 / 0,000 / 0,000;-0,00;0;0,00
LP*06274;M.Bisi/Ex-Nihilo;4 / 3;0 / 0;1 / 9,001 / 6,121;6,12;0;0 / 0,000 / 0,000;-0,00;0;6,12
LP*06276;FrogbellyAndSymphony/BlueBright...;48 / 48;0 / 0;0 / 0,000 / 0,000;0,00;0;0 / 0,000 / 0,000;-0,00;0;0,00
LP*13902;AstridsFarm/Cyclist;2 / 2;0 / 0;0 / 0,000 / 0,000;0,00;0;0 / 0,000 / 0,000;-0,00;0;0,00
LP*13904;Xrfarflight/TheEarlyBird;2 / 2;0 / 0;0 / 0,000 / 0,000;0,00;0;0 / 0,000 / 0,000;-0,00;0;0,00
LP*13907;EmmyMoll/AllTheMonsters;2 / 2;0 / 0;0 / 0,000 / 0,000;0,00;0;0 / 0,000 / 0,000;-0,00;0;0,00
LP*13909;DearJohnLetter/Between Leaves-Forestal;2 / 2;0 / 0;0 / 0,000 / 0,000;0,00;0;0 / 0,000 / 0,000;-0,00;0;0,00
LP*13911;FrauKraushaar/LeSalonIsVeryMorbidä;2 / 1;0 / 0;0 / 0,000 / 0,000;0,00;1;0 / 0,000 / 0,000;-0,00;0;0,00

total sales domestic;total amount domestic;total returns domestic;ret amount domestic;total value;handling fee returns;f.o.c total;reserve for returns (nat+int);refund of reserve;stock-return shipping;v.a.t. / tax 19%;v.a.t. / tax 7%;total value to be paid
37;264,31;13;-75,62;188,69;-3,34;0;-84,84;4,80;0,00;0,00;0,00;105,31 EUR



statement international reference no: 924352, date: 31.05.2017, salesperiode: 01.05.2017-31.05.2017


article no.;artist / title;export sales/prices;amount export;returns export qty/dealer/net(aver.);amount returns exp.;f.o.c. exp.;total amount
CD 06277;Phia/TheOceanOfEverything;0 / 0,000 / 0,000;0,00;1 / 6,305 / 4,855;-4,85;0;-4,85
CD 06278;CinemaCinema/ManBitesDog;1 / 8,278 / 6,374;6,37;0 / 0,000 / 0,000;-0,00;0;6,37
LP 06279;CinemaCinema/ManBitesDog;1 / 9,894 / 7,618;7,62;0 / 0,000 / 0,000;-0,00;0;7,62
LP*13911;FrauKraushaar/LeSalonIsVeryMorbidä;1 / 5,850 / 4,504;4,50;0 / 0,000 / 0,000;-0,00;0;4,50

total sales export;total amount export;total returns export;total amount returns exp.;handling fee returns;f.o.c. total;total value;v.a.t. / tax 19%;v.a.t. / tax 7%;total value to be paid
3;18,50;1;-4,85;-0,19;0;13,64;0,00;0,00;13,45 EUR



summary physical sales

article no.;barcode;label no.;artist;title;net sales domestic;net sales export;net sales total;net amount domestic;net amount export;net amount total;handling fee returns
7"*06256;"4250137262567"; ;TONFANG;The Piss;0;0;0;0;0;0;0
7"*06271;"4250137262710"; ;LONESOME STATION;Lonesome Station (+ CD);0;0;0;0;0;0;0
CD 06264;"4250137262642";LS0024;SCHRADER, MEIKE;Das Grün In Deinen Augen;0;0;0;0;0;0;0
CD 06277;"4250137262772"; ;PHIA;The Ocean Of Everything;-12;-1;-13;-70,11;-4,85;-74,96;3,28
CD 06278;"4250137262789"; ;CINEMA CINEMA ;Man Bites Dog;18;1;19;110,65;6,37;117,03;0
CD*06251;"4250137262512";LS0011;KID DECKER ;Reveries EP;0;0;0;0;0;0;0
CD*06252;"4250137262529";LS0013;VARIOUS ARTISTS;Melodica Compilation #1 ;0;0;0;0;0;0;0
CD*06253;"4250137262536";LS0015;DEAR JOHN LETTER ;Part And Fragment;0;0;0;0;0;0;0
CD*06254;"4250137262543";LS0018;KID DECKER ;Your Kind;0;0;0;0;0;0;0
CD*06255;"4250137262550";LS0009;BINOCULERS;Every Seaman s Got A Favourite Spaceship;1;0;1;5,71;0;5,71;0
CD*06257;"4250137262574"; ;STOCK, TORBEN;Rocket;0;0;0;0;0;0;0
CD*06258;"4250137262581";LS0021;OVERDRIVE AMP EXPLOSION ;Blanks;0;0;0;0;0;0;0
CD*06260;"4250137262604";LS0022;STARS FOR THE BANNED ;Stars For The Banned;0;0;0;0;0;0;0
CD*06261;"4250137262611";LS0023;OWLS OF THE SWAMP  ;Go With River;0;0;0;0;0;0;0
CD*06263;"4250137262635"; ;VARIOUS ARTISTS;Melodica Compilation #2;0;0;0;0;0;0;0
CD*06265;"4250137262659";LS0027;WILCKENS, NIKOLAI;Stories The Sea Told Me At Night;0;0;0;0;0;0;0
CD*06266;"4250137262666";LS0030;OUTROADS;I Am Happy;0;0;0;0;0;0;0
CD*06267;"4250137262673";LS0029;HANLEY, LIZ;The Ecstasy Of St, Cécilia;0;0;0;0;0;0;0
CD*06270;"4250137262703";LS0036;ALLEN, STEVE;Wreck the Place;0;0;0;0;0;0;0
CD*06272;"4250137262727";LS0038CD;OWLS OF THE SWAMP;Atlas;0;0;0;0;0;0;0
CD*06275;"4250137262758";LS0041;FROGBELLY AND SYMPHONY;Blue Bright Ow Sleep;-1;0;-1;-5,52;0;-5,52;0,24
CD*13901;"4024572340476";LS0001CD;ASTRID S FARM ;Cyclist;0;0;0;0;0;0;0
CD*13903;"4024572340483";LS0002CD;XRFARFLIGHT ;The Early Bird;0;0;0;0;0;0;0
CD*13906;"4024572352899";LS0004CD;EMMY MOLL;All The Monsters;0;0;0;0;0;0;0
CD*13908;"4024572354909";LS0005CD;DEAR JOHN LETTER ;Between Leaves/Forestal;0;0;0;0;0;0;0
CD*13910;"4024572354985";LS0006CD;FRAU KRAUSHAAR ;Le Salon Is Very Morbidä;0;0;0;0;0;0;0
CD*13912;"4024572361839";LS0007CD;VARIOUS ARTISTS;Introducing Labelship ;0;0;0;0;0;0;0
LP 06279;"4250137262796"; ;CINEMA CINEMA ;Man Bites Dog;17;1;18;141,83;7,62;149,44;0
LP*05257;"4250137252575";LSLP0009;BINOCULERS;Every Seaman s Got A Favourite Spaceship;0;0;0;0;0;0;0
LP*06259;"4250137262598";LS0020;OVERDRIVE AMP EXPLOSION/EASY TIGER ;Overdrive Amp Explosion/Easy Tiger (Split-LP);0;0;0;0;0;0;0
LP*06268;"4250137262680";LS0032;FROGBELLY AND SYMPHONY;The Eye EP (+CD);0;0;0;0;0;0;0
LP*06273;"4250137262734";LS0038LP;OWLS OF THE SWAMP;Atlas (Lim,Ed,);0;0;0;0;0;0;0
LP*06274;"4250137262741";LS0039;BISI, MARTIN ;Ex-Nihilo ;1;0;1;6,12;0;6,12;0
LP*06276;"4250137262765"; ;FROGBELLY AND SYMPHONY;Blue Bright Ow Sleep (Lim,Ed);0;0;0;0;0;0;0
LP*13902;"4024572341176";LS0001LP;ASTRID S FARM ;Cyclist;0;0;0;0;0;0;0
LP*13904;"4024572341183";LS0002LP;XRFARFLIGHT ;The Early Bird;0;0;0;0;0;0;0
LP*13907;"4024572354916";LS0004LP;EMMY MOLL;All The Monsters;0;0;0;0;0;0;0
LP*13909;"4024572354893";LS0005LP;DEAR JOHN LETTER ;Between Leaves/Forestal;0;0;0;0;0;0;0
LP*13911;"4024572354978";LS0006LP;FRAU KRAUSHAAR ;Le Salon Is Very Morbidä;0;1;1;0;4,5;4,5;0


statement digital reference no: 924352, date: 31.05.2017, salesperiode: -


article no.;artist;title;track;shop;qty;dealer (average);net (average);total amount
7" 06256;Tonfang;The Piss;Jess;Spotify;2;0,005;0,004;0,01
7" 06256;Tonfang;The Piss;Middleman (4Track Mix);Spotify;2;0,005;0,004;0,01
7" 06256;Tonfang;The Piss;Dieff;Spotify;2;0,005;0,004;0,01
7" 06256;Tonfang;The Piss;Middleman;Spotify;2;0,005;0,004;0,01
7" 06271;Lonesome Station;Lonesome Station (+ CD);22h;Spotify;3;0,006;0,005;0,01
7" 06271;Lonesome Station;Lonesome Station (+ CD);A Man Without a Back;Deezer;1;0,009;0,007;0,01
7" 06271;Lonesome Station;Lonesome Station (+ CD);Dmand;iTunes Streaming (Apple Music);2;0,011;0,009;0,02
7" 06271;Lonesome Station;Lonesome Station (+ CD);Just Look;Spotify;1;0,007;0,005;0,01
7" 06271;Lonesome Station;Lonesome Station (+ CD);What We¦ve Said;Spotify;5;0,005;0,004;0,02
7" 06271;Lonesome Station;Lonesome Station (+ CD);22h;iTunes Streaming (Apple Music);1;0,013;0,011;0,01
7" 06271;Lonesome Station;Lonesome Station (+ CD);A Long Day;Spotify;21;0,005;0,004;0,09
7" 06271;Lonesome Station;Lonesome Station (+ CD);A Man Without a Back;Spotify;12;0,005;0,004;0,05
7" 06271;Lonesome Station;Lonesome Station (+ CD);Dmand;Spotify;1;0,005;0,004;0,00
7" 06271;Lonesome Station;Lonesome Station (+ CD);The Flowers Are Gone;Spotify;2;0,004;0,003;0,01
CD 05039;Owls of the Swamp;Meteorite EP;How Long Have I Been Sleeping?;Spotify;34;0,004;0,003;0,11
CD 05039;Owls of the Swamp;Meteorite EP;I Found You;iTunes Streaming (Apple Music);1;0,009;0,007;0,01
CD 05039;Owls of the Swamp;Meteorite EP;I Found You;YouTube;5;0,000;0,000;0,00
CD 05039;Owls of the Swamp;Meteorite EP;Meteorite;Spotify;20;0,003;0,002;0,04
CD 05039;Owls of the Swamp;Meteorite EP;Skipping Stones;Spotify;26;0,003;0,002;0,06
CD 05039;Owls of the Swamp;Meteorite EP;Start All Over;Spotify;10;0,005;0,004;0,04
CD 05039;Owls of the Swamp;Meteorite EP;How Long Have I Been Sleeping?;Deezer;37;0,006;0,005;0,17
CD 05039;Owls of the Swamp;Meteorite EP;I Found You;Deezer;37;0,006;0,005;0,17
CD 05039;Owls of the Swamp;Meteorite EP;I Found You;Spotify;11;0,004;0,003;0,04
CD 05039;Owls of the Swamp;Meteorite EP;Meteorite;Deezer;34;0,006;0,005;0,16
CD 05039;Owls of the Swamp;Meteorite EP;Skipping Stones;Deezer;30;0,006;0,005;0,14
CD 05039;Owls of the Swamp;Meteorite EP;Start All Over;Deezer;35;0,006;0,005;0,16
CD 05039;Owls of the Swamp;Meteorite EP; ;iTunes;2;3,300;2,640;5,28
CD 06252;Astrids Farm;Melodica Compilation #1 ;Full Metal Jacket;TIDAL;4;0,017;0,014;0,05
CD 06252;Ian Hooper;Melodica Compilation #1 ;Come My Way;iTunes Streaming (Apple Music);6;0,005;0,004;0,02
CD 06252;Ivar;Melodica Compilation #1 ;August;Google Play Music Subscription;1;0,005;0,004;0,00
CD 06252;Kid Decker;Melodica Compilation #1 ;Too Late;TIDAL;3;0,015;0,012;0,04
CD 06252;My Sister Grenadine;Melodica Compilation #1 ;Season Song;TIDAL;2;0,016;0,013;0,03
CD 06252;Myrra Ros;Melodica Compilation #1 ;Morse Codes;Deezer;3;0,004;0,003;0,01
CD 06252;Myrra Ros;Melodica Compilation #1 ;Morse Codes;TIDAL;7;0,009;0,008;0,05
CD 06252;Reaganesk;Melodica Compilation #1 ;If Need Be;TIDAL;4;0,015;0,012;0,05
CD 06252;Svavar Knutur;Melodica Compilation #1 ;Yfir Hola Og Yfir Haedir;Google Play Music Subscription;2;0,005;0,004;0,01
CD 06252;Svavar Knutur;Melodica Compilation #1 ;Yfir Hola Og Yfir Haedir;TIDAL;9;0,013;0,010;0,09
CD 06252;Torben Stock;Melodica Compilation #1 ;When Will It Be;iTunes Streaming (Apple Music);1;0,007;0,006;0,01
CD 06252;Various Artists;Melodica Compilation #1 ;The Question;Google Play Music Subscription;4;0,005;0,004;0,02
CD 06252;Various Artists;Melodica Compilation #1 ;The Question;TIDAL;3;0,015;0,012;0,04
CD 06252;Athebustop;Melodica Compilation #1 ;How Does It Feel;TIDAL;3;0,017;0,013;0,04
CD 06252;Ian Hooper;Melodica Compilation #1 ;Come My Way;TIDAL;4;0,016;0,013;0,05
CD 06252;Ivar;Melodica Compilation #1 ;August;TIDAL;6;0,017;0,013;0,08
CD 06252;My Sister Grenadine;Melodica Compilation #1 ;Season Song;Amazon;1;0,540;0,432;0,43
CD 06252;My Sister Grenadine;Melodica Compilation #1 ;Season Song;Xbox Music;1;0,019;0,016;0,02
CD 06252;Myrra Ros;Melodica Compilation #1 ;Morse Codes;iTunes Streaming (Apple Music);1;0,001;0,001;0,00
CD 06252;Owls Of The Swamp;Melodica Compilation #1 ;Heart Of The Mountain;TIDAL;4;0,009;0,007;0,03
CD 06252;Shisha PM;Melodica Compilation #1 ;Ups And Downs;TIDAL;4;0,015;0,012;0,05
CD 06252;Svavar Knutur;Melodica Compilation #1 ;Yfir Hola Og Yfir Haedir;iTunes Streaming (Apple Music);1;0,008;0,007;0,01
CD 06252;Torben Stock;Melodica Compilation #1 ;When Will It Be;Deezer;1;0,007;0,005;0,01
CD 06252;Torben Stock;Melodica Compilation #1 ;When Will It Be;TIDAL;3;0,015;0,012;0,04
CD 06252;Various Artists;Melodica Compilation #1 ;The Question;iTunes Streaming (Apple Music);7;0,008;0,006;0,04
CD 06253;Dear John Letter;Part And Fragment;House Of Leaves;Spotify;1;0,006;0,005;0,00
CD 06253;Dear John Letter;Part And Fragment;Silent Sirens;Spotify;1;0,006;0,005;0,00
CD 06253;Dear John Letter;Part And Fragment;The Looking Glass;Deezer;2;0,003;0,002;0,00
CD 06253;Dear John Letter;Part And Fragment;The Looking Glass;TIDAL;1;0,012;0,010;0,01
CD 06253;Dear John Letter;Part And Fragment;You Remain Unshakeably Calm;Deezer;2;0,003;0,002;0,00
CD 06253;Dear John Letter;Part And Fragment;You Remain Unshakeably Calm;Spotify;2;0,004;0,004;0,01
CD 06253;Dear John Letter;Part And Fragment;Crux;Spotify;1;0,006;0,005;0,00
CD 06253;Dear John Letter;Part And Fragment;Of Grandeur;Spotify;1;0,006;0,005;0,00
CD 06253;Dear John Letter;Part And Fragment;That¦s The Way The Cookie Crumbles;Spotify;3;0,003;0,003;0,01
CD 06253;Dear John Letter;Part And Fragment;The Looking Glass;Spotify;1;0,006;0,005;0,00
CD 06253;Dear John Letter;Part And Fragment;You Can¦t Hear Yourself Think;Spotify;1;0,006;0,005;0,00
CD 06253;Dear John Letter;Part And Fragment;You Remain Unshakeably Calm;Rhapsody / Napster;1;0,008;0,006;0,01
CD 06253;Dear John Letter;Part And Fragment; ;iTunes;1;5,100;4,080;4,08
CD 06254;Kid Decker;Your Kind;Dead Man¦s Walk;Amazon cloud introductory;5;0,000;0,000;0,00
CD 06254;Kid Decker;Your Kind;Disposable;Amazon cloud introductory;5;0,000;0,000;0,00
CD 06254;Kid Decker;Your Kind;Here We Are;Amazon cloud introductory;5;0,000;0,000;0,00
CD 06254;Kid Decker;Your Kind;Look About Ready;Amazon cloud introductory;5;0,000;0,000;0,00
CD 06254;Kid Decker;Your Kind;Reveries;Amazon cloud introductory;5;0,000;0,000;0,00
CD 06254;Kid Decker;Your Kind;The Munchkins;Amazon cloud introductory;5;0,000;0,000;0,00
CD 06254;Kid Decker;Your Kind;Where It Lies;Amazon cloud introductory;5;0,000;0,000;0,00
CD 06254;Kid Decker;Your Kind;Your Kind;Amazon cloud introductory;5;0,000;0,000;0,00
CD 06254;Kid Decker;Your Kind;Dead Man¦s Walk;iTunes Streaming (Apple Music);1;0,002;0,002;0,00
CD 06254;Kid Decker;Your Kind;Falling;Amazon cloud introductory;5;0,000;0,000;0,00
CD 06254;Kid Decker;Your Kind;Here We Are;Google Play Music Subscription;4;0,007;0,005;0,02
CD 06254;Kid Decker;Your Kind;Look About Ready;iTunes Streaming (Apple Music);3;0,008;0,007;0,02
CD 06254;Kid Decker;Your Kind;Stone Cold;Amazon cloud introductory;5;0,000;0,000;0,00
CD 06254;Kid Decker;Your Kind;Too Late;Amazon cloud introductory;5;0,000;0,000;0,00
CD 06254;Kid Decker;Your Kind;Where It Lies;iTunes Streaming (Apple Music);1;0,008;0,007;0,01
CD 06255;Binoculers;Every Seaman s Got A Favourite Spaceship;Chestnuts;iTunes Streaming (Apple Music);1;0,008;0,007;0,01
CD 06255;Binoculers;Every Seaman s Got A Favourite Spaceship;Easy In The Morning Sun;iTunes Streaming (Apple Music);1;0,002;0,001;0,00
CD 06255;Binoculers;Every Seaman s Got A Favourite Spaceship;Grape-Shaped Dream;iTunes Streaming (Apple Music);2;0,007;0,006;0,01
CD 06255;Binoculers;Every Seaman s Got A Favourite Spaceship;Lions;iTunes Streaming (Apple Music);3;0,008;0,006;0,02
CD 06255;Binoculers;Every Seaman s Got A Favourite Spaceship;Mirrorball;iTunes;1;0,600;0,480;0,48
CD 06255;Binoculers;Every Seaman s Got A Favourite Spaceship;Paintbox;Deezer;3;0,004;0,003;0,01
CD 06255;Binoculers;Every Seaman s Got A Favourite Spaceship;Seaman-Like;YouTube;4;0,001;0,001;0,00
CD 06255;Binoculers;Every Seaman s Got A Favourite Spaceship;Snail¦s Shell;iTunes Streaming (Apple Music);2;0,008;0,007;0,01
CD 06255;Binoculers;Every Seaman s Got A Favourite Spaceship;Stones;Deezer;4;0,004;0,003;0,01
CD 06255;Binoculers;Every Seaman s Got A Favourite Spaceship;Your Favourite Spaceship;Deezer;4;0,004;0,003;0,01
CD 06255;Binoculers;Every Seaman s Got A Favourite Spaceship;Chestnuts;Deezer;6;0,004;0,003;0,02
CD 06255;Binoculers;Every Seaman s Got A Favourite Spaceship;Easy In The Morning Sun;Deezer;5;0,003;0,002;0,01
CD 06255;Binoculers;Every Seaman s Got A Favourite Spaceship;Grape-Shaped Dream;Deezer;4;0,005;0,004;0,02
CD 06255;Binoculers;Every Seaman s Got A Favourite Spaceship;Lions;Deezer;5;0,004;0,003;0,02
CD 06255;Binoculers;Every Seaman s Got A Favourite Spaceship;Mirrorball;Deezer;3;0,004;0,003;0,01
CD 06255;Binoculers;Every Seaman s Got A Favourite Spaceship;On The Sun;Deezer;3;0,004;0,003;0,01
CD 06255;Binoculers;Every Seaman s Got A Favourite Spaceship;Seaman-Like;Deezer;2;0,005;0,004;0,01
CD 06255;Binoculers;Every Seaman s Got A Favourite Spaceship;Snail¦s Shell;Deezer;2;0,003;0,002;0,00
CD 06255;Binoculers;Every Seaman s Got A Favourite Spaceship;Snakes;Deezer;2;0,005;0,004;0,01
CD 06255;Binoculers;Every Seaman s Got A Favourite Spaceship;Stones;iTunes Streaming (Apple Music);2;0,008;0,007;0,01
CD 06257;Torben Stock;Rocket;AngelsÆs Song;Google Play Music Subscription;1;0,007;0,005;0,01
CD 06257;Torben Stock;Rocket;AngelsÆs Song;Spotify;13;0,002;0,002;0,02
CD 06257;Torben Stock;Rocket;Cold Breeze;Google Play Music Subscription;2;0,007;0,005;0,01
CD 06257;Torben Stock;Rocket;Cold Breeze;Spotify;16;0,002;0,002;0,03
CD 06257;Torben Stock;Rocket;Conamara Instr,;Google Play Music Subscription;1;0,007;0,005;0,01
CD 06257;Torben Stock;Rocket;Conamara Instr,;Spotify;11;0,001;0,001;0,01
CD 06257;Torben Stock;Rocket;Kiss Me Good Night;Google Play Music Subscription;1;0,007;0,005;0,01
CD 06257;Torben Stock;Rocket;Kiss Me Good Night;Rhapsody / Napster;1;0,008;0,006;0,01
CD 06257;Torben Stock;Rocket;Real Lights / Great Souls;Deezer;1;0,007;0,005;0,01
CD 06257;Torben Stock;Rocket;Real Lights / Great Souls;iTunes Streaming (Apple Music);3;0,002;0,002;0,01
CD 06257;Torben Stock;Rocket;Rocket;Deezer;1;0,007;0,005;0,01
CD 06257;Torben Stock;Rocket;Rocket;iTunes Streaming (Apple Music);3;0,002;0,002;0,01
CD 06257;Torben Stock;Rocket;Sad Movie Song;Deezer;1;0,007;0,005;0,01
CD 06257;Torben Stock;Rocket;Sad Movie Song;iTunes Streaming (Apple Music);3;0,002;0,002;0,01
CD 06257;Torben Stock;Rocket;Tonight;Deezer;1;0,007;0,005;0,01
CD 06257;Torben Stock;Rocket;Tonight;iTunes Streaming (Apple Music);3;0,002;0,002;0,01
CD 06257;Torben Stock;Rocket;Truth;Deezer;1;0,007;0,005;0,01
CD 06257;Torben Stock;Rocket;Truth;iTunes Streaming (Apple Music);3;0,002;0,002;0,01
CD 06257;Torben Stock;Rocket;Wolkenstein;Deezer;1;0,007;0,005;0,01
CD 06257;Torben Stock;Rocket;Wolkenstein;iTunes Streaming (Apple Music);3;0,002;0,002;0,01
CD 06257;Torben Stock;Rocket;AngelsÆs Song;Deezer;1;0,007;0,005;0,01
CD 06257;Torben Stock;Rocket;AngelsÆs Song;iTunes Streaming (Apple Music);3;0,002;0,002;0,01
CD 06257;Torben Stock;Rocket;Cold Breeze;Deezer;1;0,007;0,005;0,01
CD 06257;Torben Stock;Rocket;Cold Breeze;iTunes Streaming (Apple Music);3;0,002;0,002;0,01
CD 06257;Torben Stock;Rocket;Conamara Instr,;Deezer;1;0,007;0,005;0,01
CD 06257;Torben Stock;Rocket;Conamara Instr,;iTunes Streaming (Apple Music);3;0,002;0,002;0,01
CD 06257;Torben Stock;Rocket;Kiss Me Good Night;Deezer;1;0,007;0,005;0,01
CD 06257;Torben Stock;Rocket;Kiss Me Good Night;iTunes Streaming (Apple Music);3;0,002;0,002;0,01
CD 06257;Torben Stock;Rocket;Kiss Me Good Night;Spotify;47;0,003;0,002;0,11
CD 06257;Torben Stock;Rocket;Real Lights / Great Souls;Google Play Music Subscription;1;0,007;0,005;0,01
CD 06257;Torben Stock;Rocket;Real Lights / Great Souls;Spotify;14;0,002;0,002;0,02
CD 06257;Torben Stock;Rocket;Rocket;Google Play Music Subscription;4;0,007;0,005;0,02
CD 06257;Torben Stock;Rocket;Rocket;Spotify;39;0,002;0,002;0,07
CD 06257;Torben Stock;Rocket;Sad Movie Song;Google Play Music Subscription;1;0,007;0,005;0,01
CD 06257;Torben Stock;Rocket;Sad Movie Song;Spotify;21;0,002;0,002;0,04
CD 06257;Torben Stock;Rocket;Tonight;Google Play Music Subscription;1;0,007;0,005;0,01
CD 06257;Torben Stock;Rocket;Tonight;Spotify;21;0,002;0,002;0,04
CD 06257;Torben Stock;Rocket;Truth;Google Play Music Subscription;1;0,007;0,005;0,01
CD 06257;Torben Stock;Rocket;Truth;Spotify;16;0,002;0,002;0,02
CD 06257;Torben Stock;Rocket;Wolkenstein;Google Play Music Subscription;1;0,007;0,005;0,01
CD 06257;Torben Stock;Rocket;Wolkenstein;Spotify;21;0,002;0,002;0,04
CD 06258;Overdrive Amp Explosion;Blanks;At The Corner;iTunes Streaming (Apple Music);5;0,003;0,002;0,01
CD 06258;Overdrive Amp Explosion;Blanks;Autumn;iTunes Streaming (Apple Music);2;0,003;0,002;0,00
CD 06258;Overdrive Amp Explosion;Blanks;Interlude;Google Play Music Scan and Mat;1;0,000;0,000;0,00
CD 06258;Overdrive Amp Explosion;Blanks;Interlude;Spotify;3;0,005;0,004;0,01
CD 06258;Overdrive Amp Explosion;Blanks;Lowlight;Spotify;4;0,005;0,004;0,02
CD 06258;Overdrive Amp Explosion;Blanks;Riot;Spotify;1;0,007;0,005;0,01
CD 06258;Overdrive Amp Explosion;Blanks;Siegfried;Spotify;1;0,007;0,005;0,01
CD 06258;Overdrive Amp Explosion;Blanks;Stzar;Spotify;6;0,006;0,005;0,03
CD 06258;Overdrive Amp Explosion;Blanks;U;iTunes Streaming (Apple Music);4;0,003;0,003;0,01
CD 06258;Overdrive Amp Explosion;Blanks;Unlink;Google Play Music Scan and Mat;1;0,000;0,000;0,00
CD 06258;Overdrive Amp Explosion;Blanks;Unlink;Spotify;3;0,006;0,005;0,01
CD 06258;Overdrive Amp Explosion;Blanks;At The Corner;Spotify;2;0,007;0,005;0,01
CD 06258;Overdrive Amp Explosion;Blanks;Autumn;Spotify;2;0,004;0,003;0,01
CD 06258;Overdrive Amp Explosion;Blanks;Interlude;iTunes Streaming (Apple Music);5;0,003;0,003;0,01
CD 06258;Overdrive Amp Explosion;Blanks;Lowlight;iTunes Streaming (Apple Music);3;0,003;0,003;0,01
CD 06258;Overdrive Amp Explosion;Blanks;Riot;iTunes Streaming (Apple Music);2;0,003;0,002;0,00
CD 06258;Overdrive Amp Explosion;Blanks;Siegfried;iTunes Streaming (Apple Music);2;0,003;0,002;0,00
CD 06258;Overdrive Amp Explosion;Blanks;Stzar;iTunes Streaming (Apple Music);4;0,003;0,003;0,01
CD 06258;Overdrive Amp Explosion;Blanks;U;Google Play Music Scan and Mat;1;0,000;0,000;0,00
CD 06258;Overdrive Amp Explosion;Blanks;U;Spotify;6;0,006;0,005;0,03
CD 06258;Overdrive Amp Explosion;Blanks;Unlink;iTunes Streaming (Apple Music);3;0,003;0,003;0,01
CD 06261;Owls Of The Swamp;Go With River;Here Comes The Wind;Spotify;27;0,003;0,003;0,07
CD 06261;Owls Of The Swamp;Go With River;Long May You Run;Amazon cloud premium;5;0,003;0,002;0,01
CD 06261;Owls Of The Swamp;Go With River;Long May You Run;Google Play Music Subscription;1;0,005;0,004;0,00
CD 06261;Owls Of The Swamp;Go With River;Long May You Run;Spotify;35;0,004;0,003;0,12
CD 06261;Owls Of The Swamp;Go With River;Praying Mantis;Spotify;11;0,005;0,004;0,04
CD 06261;Owls Of The Swamp;Go With River;Pyramid;iTunes Streaming (Apple Music);2;0,006;0,005;0,01
CD 06261;Owls Of The Swamp;Go With River;Pyramid;Spotify;125;0,003;0,003;0,35
CD 06261;Owls Of The Swamp;Go With River;Skywaters;Spotify;27;0,004;0,003;0,08
CD 06261;Owls Of The Swamp;Go With River;So Far Away;Deezer;2;0,009;0,007;0,01
CD 06261;Owls Of The Swamp;Go With River;So Far Away;iTunes Streaming (Apple Music);2;0,005;0,004;0,01
CD 06261;Owls Of The Swamp;Go With River;So Far Away;YouTube;1;0,000;0,000;0,00
CD 06261;Owls Of The Swamp;Go With River;Stones and Bones;Deezer;5;0,005;0,004;0,02
CD 06261;Owls Of The Swamp;Go With River;Stones and Bones;Rhapsody / Napster;1;0,008;0,006;0,01
CD 06261;Owls Of The Swamp;Go With River;Tricks And Turns;Amazon cloud premium;5;0,003;0,002;0,01
CD 06261;Owls Of The Swamp;Go With River;Walking Song;Amazon cloud premium;5;0,003;0,002;0,01
CD 06261;Owls Of The Swamp;Go With River;Walking Song;Spotify;19;0,004;0,004;0,07
CD 06261;Owls Of The Swamp;Go With River;43;iTunes Streaming (Apple Music);2;0,005;0,004;0,01
CD 06261;Owls Of The Swamp;Go With River;43;Spotify;20;0,004;0,003;0,07
CD 06261;Owls Of The Swamp;Go With River;By The Riverside;Spotify;33;0,004;0,003;0,10
CD 06261;Owls Of The Swamp;Go With River;Go With River;Spotify;14;0,004;0,003;0,05
CD 06261;Owls Of The Swamp;Go With River;Here Comes The Wind;Amazon cloud premium;5;0,003;0,002;0,01
CD 06261;Owls Of The Swamp;Go With River;Here Comes The Wind;Xbox Music;1;0,019;0,016;0,02
CD 06261;Owls Of The Swamp;Go With River;Long May You Run;Deezer;6;0,008;0,006;0,04
CD 06261;Owls Of The Swamp;Go With River;Long May You Run;iTunes Streaming (Apple Music);4;0,003;0,002;0,01
CD 06261;Owls Of The Swamp;Go With River;Praying Mantis;Amazon cloud premium;5;0,003;0,002;0,01
CD 06261;Owls Of The Swamp;Go With River;Pyramid;Amazon cloud premium;5;0,003;0,002;0,01
CD 06261;Owls Of The Swamp;Go With River;Pyramid;Rhapsody / Napster;1;0,008;0,006;0,01
CD 06261;Owls Of The Swamp;Go With River;Skywaters;Amazon cloud premium;5;0,003;0,002;0,01
CD 06261;Owls Of The Swamp;Go With River;So Far Away;Amazon cloud premium;5;0,003;0,002;0,01
CD 06261;Owls Of The Swamp;Go With River;So Far Away;Google Play Music Subscription;1;0,007;0,005;0,01
CD 06261;Owls Of The Swamp;Go With River;So Far Away;Spotify;87;0,004;0,003;0,26
CD 06261;Owls Of The Swamp;Go With River;Stones and Bones;Amazon cloud premium;5;0,003;0,002;0,01
CD 06261;Owls Of The Swamp;Go With River;Stones and Bones;iTunes Streaming (Apple Music);2;0,005;0,004;0,01
CD 06261;Owls Of The Swamp;Go With River;Stones and Bones;Spotify;193;0,003;0,003;0,51
CD 06261;Owls Of The Swamp;Go With River;Tricks And Turns;Spotify;26;0,004;0,003;0,08
CD 06261;Owls Of The Swamp;Go With River;Walking Song;iTunes Streaming (Apple Music);1;0,005;0,004;0,00
CD 06261;Owls Of The Swamp;Go With River;Walking Song;YouTube;1;0,002;0,001;0,00
CD 06261;Owls Of The Swamp;Go With River;43;Amazon cloud premium;5;0,003;0,002;0,01
CD 06261;Owls Of The Swamp;Go With River;43;Rhapsody / Napster;1;0,008;0,006;0,01
CD 06261;Owls Of The Swamp;Go With River;By The Riverside;Amazon cloud premium;5;0,003;0,002;0,01
CD 06261;Owls Of The Swamp;Go With River;Go With River;Amazon cloud premium;5;0,003;0,002;0,01
CD 06263;Halla Nor=fj÷r=;Melodica Compilation #2;Maybe;Deezer;2;0,003;0,003;0,01
CD 06263;Halla Nor=fj÷r=;Melodica Compilation #2;Maybe;Rhapsody / Napster;4;0,008;0,006;0,03
CD 06263;Halla Nor=fj÷r=;Melodica Compilation #2;Maybe;TIDAL;19;0,012;0,010;0,18
CD 06263;Hello Piedpiper;Melodica Compilation #2;The Poet;Google Play Music Scan and Mat;1;0,000;0,000;0,00
CD 06263;Hello Piedpiper;Melodica Compilation #2;The Poet;Rhapsody / Napster;3;0,008;0,006;0,02
CD 06263;Hello Piedpiper;Melodica Compilation #2;The Poet;TIDAL;17;0,012;0,010;0,17
CD 06263;Il Tempo Gigante;Melodica Compilation #2;Lost Something Good;iTunes Streaming (Apple Music);13;0,007;0,005;0,07
CD 06263;Il Tempo Gigante;Melodica Compilation #2;Lost Something Good;Spotify;143;0,003;0,003;0,39
CD 06263;Jona Byron;Melodica Compilation #2;Dead Horse;Google Play Music Scan and Mat;3;0,000;0,000;0,00
CD 06263;Jona Byron;Melodica Compilation #2;Dead Horse;Rhapsody / Napster;3;0,008;0,006;0,02
CD 06263;Jona Byron;Melodica Compilation #2;Dead Horse;TIDAL;10;0,012;0,010;0,10
CD 06263;L,F, Singer;Melodica Compilation #2;Last Dropout of Beauty School;Rhapsody / Napster;2;0,008;0,006;0,01
CD 06263;L,F, Singer;Melodica Compilation #2;Last Dropout of Beauty School;TIDAL;9;0,012;0,010;0,09
CD 06263;L·isa;Melodica Compilation #2;Springrainair;Rhapsody / Napster;1;0,008;0,006;0,01
CD 06263;L·isa;Melodica Compilation #2;Springrainair;TIDAL;11;0,012;0,010;0,11
CD 06263;Mighty Oaks;Melodica Compilation #2;When I Dream I See;Google Play Music Subscription;29;0,008;0,007;0,19
CD 06263;Mighty Oaks;Melodica Compilation #2;When I Dream I See;iTunes Streaming (Apple Music);103;0,007;0,005;0,56
CD 06263;Mighty Oaks;Melodica Compilation #2;When I Dream I See;Spotify;987;0,003;0,002;2,34
CD 06263;Mijo Biscan;Melodica Compilation #2;Trapped Fox (Live at Melodica Berlin 2010);Deezer;1;0,001;0,001;0,00
CD 06263;Mijo Biscan;Melodica Compilation #2;Trapped Fox (Live at Melodica Berlin 2010);iTunes Streaming (Apple Music);7;0,005;0,004;0,03
CD 06263;Mijo Biscan;Melodica Compilation #2;Trapped Fox (Live at Melodica Berlin 2010);Spotify;54;0,004;0,003;0,16
CD 06263;Njord;Melodica Compilation #2;Seldom Seen Sister;Deezer;1;0,001;0,001;0,00
CD 06263;Njord;Melodica Compilation #2;Seldom Seen Sister;Rhapsody / Napster;3;0,008;0,006;0,02
CD 06263;Njord;Melodica Compilation #2;Seldom Seen Sister;TIDAL;12;0,012;0,010;0,12
CD 06263;Our Blanket Skies;Melodica Compilation #2;Black-Eyed Angel;iTunes Streaming (Apple Music);13;0,007;0,006;0,08
CD 06263;Our Blanket Skies;Melodica Compilation #2;Black-Eyed Angel;Spotify;76;0,004;0,003;0,22
CD 06263;Owls Of The Swamp;Melodica Compilation #2;Water Song (feat, ITC);Deezer;4;0,001;0,001;0,00
CD 06263;Owls Of The Swamp;Melodica Compilation #2;Water Song (feat, ITC);iTunes Streaming (Apple Music);9;0,004;0,003;0,03
CD 06263;Owls Of The Swamp;Melodica Compilation #2;Water Song (feat, ITC);Spotify;48;0,004;0,003;0,14
CD 06263;Phia;Melodica Compilation #2;Jennifer;iTunes Streaming (Apple Music);9;0,007;0,005;0,05
CD 06263;Phia;Melodica Compilation #2;Jennifer;Spotify;59;0,004;0,003;0,17
CD 06263;Town Of Saints;Melodica Compilation #2;Start Something;Deezer;1;0,005;0,004;0,00
CD 06263;Town Of Saints;Melodica Compilation #2;Start Something;Google Play Music Subscription;2;0,006;0,005;0,01
CD 06263;Town Of Saints;Melodica Compilation #2;Start Something;Rhapsody / Napster;4;0,008;0,006;0,03
CD 06263;Town Of Saints;Melodica Compilation #2;Start Something;TIDAL;32;0,012;0,010;0,31
CD 06263;Halla Nor=fj÷r=;Melodica Compilation #2;Maybe;iTunes Streaming (Apple Music);15;0,009;0,007;0,10
CD 06263;Halla Nor=fj÷r=;Melodica Compilation #2;Maybe;Spotify;122;0,003;0,003;0,34
CD 06263;Hello Piedpiper;Melodica Compilation #2;The Poet;Deezer;1;0,006;0,005;0,00
CD 06263;Hello Piedpiper;Melodica Compilation #2;The Poet;iTunes Streaming (Apple Music);14;0,007;0,006;0,08
CD 06263;Hello Piedpiper;Melodica Compilation #2;The Poet;Spotify;147;0,003;0,003;0,39
CD 06263;Il Tempo Gigante;Melodica Compilation #2;Lost Something Good;Deezer;3;0,003;0,002;0,01
CD 06263;Il Tempo Gigante;Melodica Compilation #2;Lost Something Good;Rhapsody / Napster;3;0,008;0,006;0,02
CD 06263;Il Tempo Gigante;Melodica Compilation #2;Lost Something Good;TIDAL;16;0,012;0,009;0,15
CD 06263;Jona Byron;Melodica Compilation #2;Dead Horse;iTunes Streaming (Apple Music);9;0,009;0,007;0,06
CD 06263;Jona Byron;Melodica Compilation #2;Dead Horse;Spotify;66;0,004;0,003;0,19
CD 06263;L,F, Singer;Melodica Compilation #2;Last Dropout of Beauty School;iTunes Streaming (Apple Music);13;0,005;0,004;0,05
CD 06263;L,F, Singer;Melodica Compilation #2;Last Dropout of Beauty School;Spotify;61;0,003;0,003;0,16
CD 06263;L·isa;Melodica Compilation #2;Springrainair;iTunes Streaming (Apple Music);12;0,007;0,006;0,07
CD 06263;L·isa;Melodica Compilation #2;Springrainair;Spotify;55;0,004;0,003;0,16
CD 06263;Mighty Oaks;Melodica Compilation #2;When I Dream I See;Deezer;126;0,004;0,003;0,44
CD 06263;Mighty Oaks;Melodica Compilation #2;When I Dream I See;iTunes;3;0,483;0,387;1,16
CD 06263;Mighty Oaks;Melodica Compilation #2;When I Dream I See;Rhapsody / Napster;7;0,008;0,006;0,04
CD 06263;Mighty Oaks;Melodica Compilation #2;When I Dream I See;TIDAL;90;0,012;0,009;0,85
CD 06263;Mijo Biscan;Melodica Compilation #2;Trapped Fox (Live at Melodica Berlin 2010);Google Play Music Subscription;1;0,006;0,005;0,00
CD 06263;Mijo Biscan;Melodica Compilation #2;Trapped Fox (Live at Melodica Berlin 2010);Rhapsody / Napster;2;0,008;0,006;0,01
CD 06263;Mijo Biscan;Melodica Compilation #2;Trapped Fox (Live at Melodica Berlin 2010);TIDAL;7;0,012;0,010;0,07
CD 06263;Njord;Melodica Compilation #2;Seldom Seen Sister;iTunes Streaming (Apple Music);11;0,005;0,004;0,04
CD 06263;Njord;Melodica Compilation #2;Seldom Seen Sister;Spotify;108;0,004;0,003;0,31
CD 06263;Our Blanket Skies;Melodica Compilation #2;Black-Eyed Angel;Google Play Music Scan and Mat;1;0,000;0,000;0,00
CD 06263;Our Blanket Skies;Melodica Compilation #2;Black-Eyed Angel;Rhapsody / Napster;1;0,008;0,006;0,01
CD 06263;Our Blanket Skies;Melodica Compilation #2;Black-Eyed Angel;TIDAL;12;0,012;0,010;0,12
CD 06263;Owls Of The Swamp;Melodica Compilation #2;Water Song (feat, ITC);Google Play Music Scan and Mat;2;0,000;0,000;0,00
CD 06263;Owls Of The Swamp;Melodica Compilation #2;Water Song (feat, ITC);Rhapsody / Napster;3;0,008;0,006;0,02
CD 06263;Owls Of The Swamp;Melodica Compilation #2;Water Song (feat, ITC);TIDAL;8;0,012;0,010;0,08
CD 06263;Phia;Melodica Compilation #2;Jennifer;Rhapsody / Napster;1;0,008;0,006;0,01
CD 06263;Phia;Melodica Compilation #2;Jennifer;TIDAL;10;0,012;0,010;0,10
CD 06263;Town Of Saints;Melodica Compilation #2;Start Something;Google Play Music Scan and Mat;1;0,000;0,000;0,00
CD 06263;Town Of Saints;Melodica Compilation #2;Start Something;iTunes Streaming (Apple Music);11;0,007;0,006;0,06
CD 06263;Town Of Saints;Melodica Compilation #2;Start Something;Spotify;81;0,003;0,003;0,22
CD 06264;Meike Schrader;Das Grün In Deinen Augen;Ach Bitte;Spotify;6;0,002;0,001;0,01
CD 06264;Meike Schrader;Das Grün In Deinen Augen;Das Grnn in deinen Augen;Rhapsody / Napster;1;0,008;0,006;0,01
CD 06264;Meike Schrader;Das Grün In Deinen Augen;Die Geister, die ich rief;iTunes Streaming (Apple Music);5;0,006;0,005;0,02
CD 06264;Meike Schrader;Das Grün In Deinen Augen;Ein neuer Tag;Amazon Prime Music;1;0,003;0,002;0,00
CD 06264;Meike Schrader;Das Grün In Deinen Augen;Ein neuer Tag;iTunes;1;0,600;0,480;0,48
CD 06264;Meike Schrader;Das Grün In Deinen Augen;Halt mich;iTunes Streaming (Apple Music);1;0,011;0,009;0,01
CD 06264;Meike Schrader;Das Grün In Deinen Augen;Hamburg, mein Hafen;Amazon;1;0,540;0,432;0,43
CD 06264;Meike Schrader;Das Grün In Deinen Augen;Hamburg, mein Hafen;Google Play Music Subscription;6;0,006;0,005;0,03
CD 06264;Meike Schrader;Das Grün In Deinen Augen;Hamburg, mein Hafen;Rhapsody / Napster;6;0,008;0,006;0,04
CD 06264;Meike Schrader;Das Grün In Deinen Augen;Im Ring;Amazon Prime Music;2;0,003;0,002;0,00
CD 06264;Meike Schrader;Das Grün In Deinen Augen;Im Ring;iTunes Streaming (Apple Music);1;0,002;0,001;0,00
CD 06264;Meike Schrader;Das Grün In Deinen Augen;Im Ring;Spotify;2;0,001;0,001;0,00
CD 06264;Meike Schrader;Das Grün In Deinen Augen;Kaffeehaussong;Rhapsody / Napster;3;0,008;0,006;0,02
CD 06264;Meike Schrader;Das Grün In Deinen Augen;Sicherhalt;Amazon Prime Music;2;0,003;0,002;0,00
CD 06264;Meike Schrader;Das Grün In Deinen Augen;Sicherhalt;iTunes;1;0,600;0,480;0,48
CD 06264;Meike Schrader;Das Grün In Deinen Augen;Sicherhalt;Rhapsody / Napster;1;0,008;0,006;0,01
CD 06264;Meike Schrader;Das Grün In Deinen Augen;Utopia;Deezer;1;0,005;0,004;0,00
CD 06264;Meike Schrader;Das Grün In Deinen Augen;Utopia;Spotify;5;0,002;0,002;0,01
CD 06264;Meike Schrader;Das Grün In Deinen Augen;Wiegenlied;Rhapsody / Napster;2;0,008;0,006;0,01
CD 06264;Meike Schrader;Das Grün In Deinen Augen;Ach Bitte;Amazon Prime Music;1;0,003;0,002;0,00
CD 06264;Meike Schrader;Das Grün In Deinen Augen;Das Grnn in deinen Augen;Deezer;1;0,005;0,004;0,00
CD 06264;Meike Schrader;Das Grün In Deinen Augen;Das Grnn in deinen Augen;Spotify;4;0,002;0,002;0,01
CD 06264;Meike Schrader;Das Grün In Deinen Augen;Die Geister, die ich rief;Spotify;1;0,001;0,001;0,00
CD 06264;Meike Schrader;Das Grün In Deinen Augen;Ein neuer Tag;Deezer;1;0,000;0,000;0,00
CD 06264;Meike Schrader;Das Grün In Deinen Augen;Ein neuer Tag;Spotify;13;0,002;0,002;0,02
CD 06264;Meike Schrader;Das Grün In Deinen Augen;Halt mich;Spotify;1;0,001;0,001;0,00
CD 06264;Meike Schrader;Das Grün In Deinen Augen;Hamburg, mein Hafen;Amazon Prime Music;14;0,003;0,002;0,03
CD 06264;Meike Schrader;Das Grün In Deinen Augen;Hamburg, mein Hafen;iTunes Streaming (Apple Music);4;0,008;0,007;0,03
CD 06264;Meike Schrader;Das Grün In Deinen Augen;Hamburg, mein Hafen;Spotify;30;0,003;0,002;0,07
CD 06264;Meike Schrader;Das Grün In Deinen Augen;Im Ring;Deezer;1;0,005;0,004;0,00
CD 06264;Meike Schrader;Das Grün In Deinen Augen;Im Ring;Rhapsody / Napster;1;0,008;0,006;0,01
CD 06264;Meike Schrader;Das Grün In Deinen Augen;Kaffeehaussong;iTunes Streaming (Apple Music);3;0,010;0,008;0,02
CD 06264;Meike Schrader;Das Grün In Deinen Augen;Kaffeehaussong;Spotify;9;0,001;0,001;0,01
CD 06264;Meike Schrader;Das Grün In Deinen Augen;Sicherhalt;Deezer;1;0,005;0,004;0,00
CD 06264;Meike Schrader;Das Grün In Deinen Augen;Sicherhalt;iTunes Streaming (Apple Music);1;0,002;0,001;0,00
CD 06264;Meike Schrader;Das Grün In Deinen Augen;Sicherhalt;Spotify;5;0,003;0,002;0,01
CD 06264;Meike Schrader;Das Grün In Deinen Augen;Utopia;Rhapsody / Napster;1;0,008;0,006;0,01
CD 06264;Meike Schrader;Das Grün In Deinen Augen;Wiegenlied;iTunes Streaming (Apple Music);1;0,008;0,007;0,01
CD 06264;Meike Schrader;Das Grün In Deinen Augen;Wiegenlied;Spotify;3;0,003;0,002;0,01
CD 06265;Nikolai Wilckens;Stories The Sea Told Me At Night;A Day By the Sea;Spotify;1;0,005;0,004;0,00
CD 06265;Nikolai Wilckens;Stories The Sea Told Me At Night;Before the Light;iTunes Streaming (Apple Music);1;0,006;0,005;0,00
CD 06266;Outroads;I Am Happy;IÆll Walk with You;Spotify;2;0,002;0,001;0,00
CD 06267;Liz Hanley;The Ecstasy Of St, Cécilia;Sanctuary;YouTube;93;0,001;0,001;0,09
CD 06267;Liz Hanley;The Ecstasy Of St, Cécilia;April¦s Fool / I Ne¦er Shall Wean Her;Spotify;9;0,005;0,004;0,04
CD 06267;Liz Hanley;The Ecstasy Of St, Cécilia;Bodenstown Churchyard;Spotify;7;0,005;0,004;0,03
CD 06267;Liz Hanley;The Ecstasy Of St, Cécilia;Bonny Light Horseman;iTunes Streaming (Apple Music);2;0,005;0,004;0,01
CD 06267;Liz Hanley;The Ecstasy Of St, Cécilia;Bonny Light Horseman;YouTube;21;0,002;0,002;0,04
CD 06267;Liz Hanley;The Ecstasy Of St, Cécilia;Crooked Road to Dublin / Considine¦s Grove;Spotify;12;0,004;0,003;0,04
CD 06267;Liz Hanley;The Ecstasy Of St, Cécilia;Dark Horse on the Wind;Spotify;7;0,004;0,004;0,02
CD 06267;Liz Hanley;The Ecstasy Of St, Cécilia;Isle of St, Helena;iTunes Streaming (Apple Music);1;0,005;0,004;0,00
CD 06267;Liz Hanley;The Ecstasy Of St, Cécilia;Isle of St, Helena;YouTube;3;0,001;0,001;0,00
CD 06267;Liz Hanley;The Ecstasy Of St, Cécilia;Johnston;YouTube;8;0,000;0,000;0,00
CD 06267;Liz Hanley;The Ecstasy Of St, Cécilia;Keg of Brandy;iTunes Streaming (Apple Music);3;0,006;0,005;0,01
CD 06267;Liz Hanley;The Ecstasy Of St, Cécilia;Keg of Brandy;YouTube;13;0,001;0,000;0,01
CD 06267;Liz Hanley;The Ecstasy Of St, Cécilia;My Son Tim;Spotify;11;0,005;0,004;0,04
CD 06267;Liz Hanley;The Ecstasy Of St, Cécilia;Sanctuary;iTunes;1;0,490;0,392;0,39
CD 06267;Liz Hanley;The Ecstasy Of St, Cécilia;Southwind;Spotify;6;0,006;0,005;0,03
CD 06267;Liz Hanley;The Ecstasy Of St, Cécilia;April¦s Fool / I Ne¦er Shall Wean Her;iTunes Streaming (Apple Music);2;0,005;0,004;0,01
CD 06267;Liz Hanley;The Ecstasy Of St, Cécilia;April¦s Fool / I Ne¦er Shall Wean Her;YouTube;1;0,002;0,002;0,00
CD 06267;Liz Hanley;The Ecstasy Of St, Cécilia; ;Amazon;1;4,510;3,608;3,61
CD 06267;Liz Hanley;The Ecstasy Of St, Cécilia;Bonny Light Horseman;Spotify;14;0,005;0,004;0,06
CD 06267;Liz Hanley;The Ecstasy Of St, Cécilia;Crooked Road to Dublin / Considine¦s Grove;iTunes Streaming (Apple Music);1;0,009;0,007;0,01
CD 06267;Liz Hanley;The Ecstasy Of St, Cécilia;Crooked Road to Dublin / Considine¦s Grove;YouTube;3;0,000;0,000;0,00
CD 06267;Liz Hanley;The Ecstasy Of St, Cécilia;Dark Horse on the Wind;YouTube;4;0,001;0,001;0,00
CD 06267;Liz Hanley;The Ecstasy Of St, Cécilia;Isle of St, Helena;Spotify;5;0,005;0,004;0,02
CD 06267;Liz Hanley;The Ecstasy Of St, Cécilia;Johnston;Spotify;6;0,004;0,003;0,02
CD 06267;Liz Hanley;The Ecstasy Of St, Cécilia;Keg of Brandy;Amazon cloud introductory;1;0,000;0,000;0,00
CD 06267;Liz Hanley;The Ecstasy Of St, Cécilia;Keg of Brandy;Spotify;21;0,004;0,003;0,07
CD 06267;Liz Hanley;The Ecstasy Of St, Cécilia;My Son Tim;iTunes Streaming (Apple Music);1;0,006;0,005;0,01
CD 06267;Liz Hanley;The Ecstasy Of St, Cécilia;My Son Tim;YouTube;18;0,003;0,003;0,05
CD 06267;Liz Hanley;The Ecstasy Of St, Cécilia;Sanctuary;Spotify;5;0,006;0,005;0,02
CD 06270;Steve Allen;Wreck the Place;Braining Cats and Dogs;Spotify;3;0,003;0,002;0,01
CD 06270;Steve Allen;Wreck the Place;Cannon and Bull;Spotify;1;0,001;0,001;0,00
CD 06270;Steve Allen;Wreck the Place;Dead Man;Spotify;3;0,001;0,001;0,00
CD 06270;Steve Allen;Wreck the Place;Destruction Is a Virtue;TIDAL;3;0,012;0,009;0,03
CD 06270;Steve Allen;Wreck the Place;Ghost in the Crowd;Spotify;3;0,001;0,001;0,00
CD 06270;Steve Allen;Wreck the Place;Mentally Ill;Spotify;1;0,001;0,001;0,00
CD 06270;Steve Allen;Wreck the Place;OrwellÆs Dream;Google Play Music Subscription;1;0,005;0,004;0,00
CD 06270;Steve Allen;Wreck the Place;Cannon and Bull;KKBOX;1;0,007;0,006;0,01
CD 06270;Steve Allen;Wreck the Place;Dead Grey Sky;Spotify;2;0,001;0,001;0,00
CD 06270;Steve Allen;Wreck the Place;Destruction Is a Virtue;Spotify;6;0,002;0,002;0,01
CD 06270;Steve Allen;Wreck the Place;DonÆt You Dare;Spotify;1;0,005;0,004;0,00
CD 06270;Steve Allen;Wreck the Place;IÆm Not a Racist, butà;Spotify;6;0,003;0,002;0,01
CD 06270;Steve Allen;Wreck the Place;Mentally Ill;TIDAL;1;0,013;0,010;0,01
CD 06270;Steve Allen;Wreck the Place;OrwellÆs Dream;Spotify;2;0,004;0,003;0,01
CD 06272;Owls Of The Swamp;Atlas;Closer Now;Amazon Prime Music;1;0,003;0,002;0,00
CD 06272;Owls Of The Swamp;Atlas;Closer Now;Spotify;18;0,004;0,003;0,06
CD 06272;Owls Of The Swamp;Atlas;Garden;Google Play Music Subscription;3;0,005;0,004;0,01
CD 06272;Owls Of The Swamp;Atlas;Garden;Spotify;22;0,003;0,002;0,05
CD 06272;Owls Of The Swamp;Atlas;Going Home;Google Play Music Subscription;1;0,005;0,004;0,00
CD 06272;Owls Of The Swamp;Atlas;Grandfather Clock;Amazon Prime Music;1;0,003;0,002;0,00
CD 06272;Owls Of The Swamp;Atlas;Grandfather Clock;iTunes Streaming (Apple Music);1;0,009;0,007;0,01
CD 06272;Owls Of The Swamp;Atlas;Restless;Amazon Prime Music;1;0,003;0,002;0,00
CD 06272;Owls Of The Swamp;Atlas;Restless;Google Play Music Subscription;1;0,005;0,004;0,00
CD 06272;Owls Of The Swamp;Atlas;Restless;Spotify;48;0,004;0,003;0,14
CD 06272;Owls Of The Swamp;Atlas;Shapeshifter;iTunes Streaming (Apple Music);2;0,001;0,001;0,00
CD 06272;Owls Of The Swamp;Atlas;Shapeshifter;Spotify;115;0,003;0,002;0,26
CD 06272;Owls Of The Swamp;Atlas;The Fall;Rhapsody / Napster;1;0,008;0,006;0,01
CD 06272;Owls Of The Swamp;Atlas;The Hypnotist;Amazon Prime Music;1;0,003;0,002;0,00
CD 06272;Owls Of The Swamp;Atlas;The Hypnotist;Rhapsody / Napster;1;0,008;0,006;0,01
CD 06272;Owls Of The Swamp;Atlas;The Hypnotist;YouTube;6;0,000;0,000;0,00
CD 06272;Owls Of The Swamp;Atlas;Water Song;Amazon Prime Music;1;0,003;0,002;0,00
CD 06272;Owls Of The Swamp;Atlas;Water Song;Spotify;32;0,003;0,002;0,08
CD 06272;Owls Of The Swamp;Atlas;Closer Now;iTunes Streaming (Apple Music);1;0,009;0,007;0,01
CD 06272;Owls Of The Swamp;Atlas;Garden;Amazon Prime Music;1;0,003;0,002;0,00
CD 06272;Owls Of The Swamp;Atlas;Garden;Rhapsody / Napster;3;0,008;0,006;0,02
CD 06272;Owls Of The Swamp;Atlas;Going Home;Amazon Prime Music;2;0,003;0,002;0,00
CD 06272;Owls Of The Swamp;Atlas;Going Home;Spotify;43;0,004;0,003;0,15
CD 06272;Owls Of The Swamp;Atlas;Grandfather Clock;Deezer;1;0,009;0,007;0,01
CD 06272;Owls Of The Swamp;Atlas;Grandfather Clock;Spotify;15;0,004;0,003;0,05
CD 06272;Owls Of The Swamp;Atlas;Restless;Deezer;1;0,009;0,007;0,01
CD 06272;Owls Of The Swamp;Atlas;Restless;Rhapsody / Napster;3;0,008;0,006;0,02
CD 06272;Owls Of The Swamp;Atlas;Restless;YouTube;2;0,000;0,000;0,00
CD 06272;Owls Of The Swamp;Atlas;Shapeshifter;Rhapsody / Napster;1;0,008;0,006;0,01
CD 06272;Owls Of The Swamp;Atlas;Shelter;Spotify;47;0,004;0,003;0,15
CD 06272;Owls Of The Swamp;Atlas;The Fall;Spotify;32;0,003;0,003;0,08
CD 06272;Owls Of The Swamp;Atlas;The Hypnotist;iTunes Streaming (Apple Music);7;0,006;0,005;0,03
CD 06272;Owls Of The Swamp;Atlas;The Hypnotist;Spotify;216;0,004;0,003;0,62
CD 06272;Owls Of The Swamp;Atlas; ;iTunes;1;5,500;4,400;4,40
CD 06272;Owls Of The Swamp;Atlas;Water Song;iTunes Streaming (Apple Music);1;0,005;0,004;0,00
CD 06275;Frogbelly and Symphony;Blue Bright Ow Sleep;Before I Die;YouTube;38;0,000;0,000;0,00
CD 06275;Frogbelly and Symphony;Blue Bright Ow Sleep;Cola in Mongolia;YouTube;25;0,000;0,000;0,00
CD 06275;Frogbelly and Symphony;Blue Bright Ow Sleep; ;YouTube;1;0,001;0,001;0,00
CD 06275;Frogbelly and Symphony;Blue Bright Ow Sleep; ;YouTube;1;0,001;0,001;0,00
CD 06275;Frogbelly and Symphony;Blue Bright Ow Sleep; ;YouTube;1;0,001;0,001;0,00
CD 06275;Frogbelly and Symphony;Blue Bright Ow Sleep;Minderbinder;Spotify;12;0,002;0,002;0,02
CD 06275;Frogbelly and Symphony;Blue Bright Ow Sleep; ;YouTube;1;0,001;0,001;0,00
CD 06275;Frogbelly and Symphony;Blue Bright Ow Sleep;Patch of Blue;YouTube;49;0,000;0,000;0,00
CD 06275;Frogbelly and Symphony;Blue Bright Ow Sleep;Ride off into the Sunset and Disappear;Spotify;3;0,004;0,003;0,01
CD 06275;Frogbelly and Symphony;Blue Bright Ow Sleep;Shingle;KKBOX;1;0,003;0,002;0,00
CD 06275;Frogbelly and Symphony;Blue Bright Ow Sleep; ;YouTube;1;0,001;0,001;0,00
CD 06275;Frogbelly and Symphony;Blue Bright Ow Sleep;Before I Die;Spotify;11;0,007;0,005;0,06
CD 06275;Frogbelly and Symphony;Blue Bright Ow Sleep; ;YouTube;1;0,001;0,001;0,00
CD 06275;Frogbelly and Symphony;Blue Bright Ow Sleep; ;YouTube;1;0,001;0,001;0,00
CD 06275;Frogbelly and Symphony;Blue Bright Ow Sleep;Invite to Eternity;Spotify;2;0,006;0,005;0,01
CD 06275;Frogbelly and Symphony;Blue Bright Ow Sleep;Leyla¦s Find;Spotify;3;0,005;0,004;0,01
CD 06275;Frogbelly and Symphony;Blue Bright Ow Sleep;Minderbinder;iTunes Streaming (Apple Music);1;0,004;0,003;0,00
CD 06275;Frogbelly and Symphony;Blue Bright Ow Sleep; ;YouTube;1;0,001;0,001;0,00
CD 06275;Frogbelly and Symphony;Blue Bright Ow Sleep;Patch of Blue;Spotify;3;0,003;0,003;0,01
CD 06275;Frogbelly and Symphony;Blue Bright Ow Sleep; ;YouTube;1;0,001;0,001;0,00
CD 06275;Frogbelly and Symphony;Blue Bright Ow Sleep; ;YouTube;1;0,001;0,001;0,00
CD 06275;Frogbelly and Symphony;Blue Bright Ow Sleep;Shingle;Spotify;1;0,006;0,005;0,00
CD 06277;Phia;The Ocean Of Everything;Begin Again;iTunes Streaming (Apple Music);10;0,009;0,007;0,07
CD 06277;Phia;The Ocean Of Everything;Begin Again;Spotify;105;0,003;0,003;0,28
CD 06277;Phia;The Ocean Of Everything;Chemistry;Deezer;3;0,005;0,004;0,01
CD 06277;Phia;The Ocean Of Everything;Chemistry;Rhapsody / Napster;7;0,008;0,006;0,04
CD 06277;Phia;The Ocean Of Everything;Chemistry;TIDAL;2;0,011;0,008;0,02
CD 06277;Phia;The Ocean Of Everything;Do You Ever?;iTunes Streaming (Apple Music);13;0,006;0,005;0,06
CD 06277;Phia;The Ocean Of Everything;Do You Ever?;Spotify;85;0,003;0,002;0,18
CD 06277;Phia;The Ocean Of Everything;End of the Day;iTunes Streaming (Apple Music);5;0,007;0,005;0,03
CD 06277;Phia;The Ocean Of Everything;End of the Day;Spotify;44;0,003;0,002;0,09
CD 06277;Phia;The Ocean Of Everything;Heartstrings;Deezer;7;0,005;0,004;0,03
CD 06277;Phia;The Ocean Of Everything;Heartstrings;Google Play Music Subscription;1;0,008;0,006;0,01
CD 06277;Phia;The Ocean Of Everything;Heartstrings;iTunes Streaming (Apple Music);14;0,006;0,004;0,06
CD 06277;Phia;The Ocean Of Everything;Heartstrings;Spotify;126;0,003;0,003;0,33
CD 06277;Phia;The Ocean Of Everything; ;Amazon;1;4,510;3,608;3,61
CD 06277;Phia;The Ocean Of Everything;I More Than Rather Like You;iTunes Streaming (Apple Music);8;0,007;0,005;0,04
CD 06277;Phia;The Ocean Of Everything;I More Than Rather Like You;Spotify;62;0,003;0,002;0,13
CD 06277;Phia;The Ocean Of Everything;If Not You;Deezer;4;0,005;0,004;0,02
CD 06277;Phia;The Ocean Of Everything;If Not You;Rhapsody / Napster;7;0,008;0,006;0,04
CD 06277;Phia;The Ocean Of Everything;If Not You;TIDAL;2;0,011;0,008;0,02
CD 06277;Phia;The Ocean Of Everything;Open / Closed;Deezer;4;0,005;0,004;0,02
CD 06277;Phia;The Ocean Of Everything;Open / Closed;Rhapsody / Napster;9;0,008;0,006;0,06
CD 06277;Phia;The Ocean Of Everything;Open / Closed;TIDAL;3;0,011;0,008;0,03
CD 06277;Phia;The Ocean Of Everything;Red Bicycles;Rhapsody / Napster;6;0,008;0,006;0,04
CD 06277;Phia;The Ocean Of Everything;Red Bicycles;TIDAL;2;0,011;0,008;0,02
CD 06277;Phia;The Ocean Of Everything;Revisionist;Rhapsody / Napster;5;0,008;0,006;0,03
CD 06277;Phia;The Ocean Of Everything;Revisionist;TIDAL;2;0,011;0,008;0,02
CD 06277;Phia;The Ocean Of Everything;So Far, so Close;iTunes Streaming (Apple Music);12;0,006;0,005;0,06
CD 06277;Phia;The Ocean Of Everything;So Far, so Close;Spotify;114;0,003;0,003;0,30
CD 06277;Phia;The Ocean Of Everything;Begin Again;Deezer;6;0,005;0,004;0,02
CD 06277;Phia;The Ocean Of Everything;Begin Again;Rhapsody / Napster;14;0,008;0,006;0,09
CD 06277;Phia;The Ocean Of Everything;Begin Again;TIDAL;3;0,011;0,008;0,03
CD 06277;Phia;The Ocean Of Everything;Chemistry;iTunes Streaming (Apple Music);4;0,006;0,005;0,02
CD 06277;Phia;The Ocean Of Everything;Chemistry;Spotify;70;0,003;0,002;0,15
CD 06277;Phia;The Ocean Of Everything;Do You Ever?;Deezer;3;0,005;0,004;0,01
CD 06277;Phia;The Ocean Of Everything;Do You Ever?;Rhapsody / Napster;9;0,008;0,006;0,06
CD 06277;Phia;The Ocean Of Everything;Do You Ever?;TIDAL;2;0,011;0,008;0,02
CD 06277;Phia;The Ocean Of Everything;End of the Day;Rhapsody / Napster;5;0,008;0,006;0,03
CD 06277;Phia;The Ocean Of Everything;End of the Day;TIDAL;2;0,011;0,008;0,02
CD 06277;Phia;The Ocean Of Everything;Heartstrings;Google Play Music Scan and Mat;5;0,000;0,000;0,00
CD 06277;Phia;The Ocean Of Everything;Heartstrings;iTunes;1;0,600;0,480;0,48
CD 06277;Phia;The Ocean Of Everything;Heartstrings;Rhapsody / Napster;28;0,008;0,006;0,18
CD 06277;Phia;The Ocean Of Everything;Heartstrings;TIDAL;6;0,011;0,008;0,05
CD 06277;Phia;The Ocean Of Everything;I More Than Rather Like You;Deezer;5;0,005;0,004;0,02
CD 06277;Phia;The Ocean Of Everything;I More Than Rather Like You;Rhapsody / Napster;6;0,008;0,006;0,04
CD 06277;Phia;The Ocean Of Everything;I More Than Rather Like You;TIDAL;2;0,011;0,008;0,02
CD 06277;Phia;The Ocean Of Everything;If Not You;iTunes Streaming (Apple Music);5;0,007;0,006;0,03
CD 06277;Phia;The Ocean Of Everything;If Not You;Spotify;60;0,003;0,002;0,13
CD 06277;Phia;The Ocean Of Everything;If Not You;YouTube;49;0,004;0,003;0,14
CD 06277;Phia;The Ocean Of Everything;Open / Closed;iTunes Streaming (Apple Music);5;0,006;0,005;0,02
CD 06277;Phia;The Ocean Of Everything;Open / Closed;Spotify;5467;0,003;0,002;13,57
CD 06277;Phia;The Ocean Of Everything;Red Bicycles;iTunes Streaming (Apple Music);4;0,008;0,006;0,02
CD 06277;Phia;The Ocean Of Everything;Red Bicycles;Spotify;50;0,003;0,003;0,13
CD 06277;Phia;The Ocean Of Everything;Revisionist;iTunes Streaming (Apple Music);7;0,005;0,004;0,03
CD 06277;Phia;The Ocean Of Everything;Revisionist;Spotify;54;0,003;0,002;0,12
CD 06277;Phia;The Ocean Of Everything;So Far, so Close;Deezer;11;0,005;0,004;0,04
CD 06277;Phia;The Ocean Of Everything;So Far, so Close;Rhapsody / Napster;6;0,008;0,006;0,04
CD 06277;Phia;The Ocean Of Everything;So Far, so Close;TIDAL;4;0,011;0,008;0,03
CD 09021;Frogbelly And Symphony & 9-Volt Haunted House;Can I Dress Like You?;Patch of Blue (9-Volt Remix);Spotify;1;0,002;0,001;0,00
CD 09021;Frogbelly And Symphony & 9-Volt Haunted House;Can I Dress Like You?;Pneumonia¦15;Deezer;1;0,005;0,004;0,00
CD 09021;Frogbelly And Symphony & 9-Volt Haunted House;Can I Dress Like You?;Shingle (9-Volt Remix);Spotify;1;0,002;0,001;0,00
CD 09021;Frogbelly And Symphony & 9-Volt Haunted House;Can I Dress Like You?;Shingle (9-Volt Remix);YouTube;101;0,007;0,005;0,55
CD 09021;Frogbelly And Symphony & 9-Volt Haunted House;Can I Dress Like You?;Pneumonia¦15;Amazon Prime Music;1;0,003;0,002;0,00
CD 09021;Frogbelly And Symphony & 9-Volt Haunted House;Can I Dress Like You?;Pneumonia¦15;Spotify;1;0,002;0,001;0,00
CD 09021;Frogbelly And Symphony & 9-Volt Haunted House;Can I Dress Like You?;Shingle (9-Volt Remix);TIDAL;1;0,013;0,011;0,01
CD 09022;Lonesome Station;Current Space;Hide;Amazon Prime Music;1;0,003;0,002;0,00
CD 09022;Lonesome Station;Current Space;Hide;Spotify;1;0,002;0,001;0,00
CD 09022;Lonesome Station;Current Space;Current Space;Amazon Prime Music;1;0,003;0,002;0,00
CD 09022;Lonesome Station;Current Space;Hide;Deezer;1;0,009;0,007;0,01
CD 09022;Lonesome Station;Current Space;Lost Train;Amazon Prime Music;1;0,003;0,002;0,00
CD 09050;Steel City Rhythm;Free Love & Fighting;Pennies and Pounds;iTunes Streaming (Apple Music);1;0,012;0,010;0,01
CD 09050;Steel City Rhythm;Free Love & Fighting;Pennies and Pounds;Spotify;55;0,004;0,003;0,18
CD 09050;Steel City Rhythm;Free Love & Fighting;Price We Pay;Google Play Music Subscription;4;0,007;0,006;0,02
CD 09050;Steel City Rhythm;Free Love & Fighting;Price We Pay;KKBOX;2;0,014;0,011;0,02
CD 09050;Steel City Rhythm;Free Love & Fighting;This Life;Deezer;5;0,004;0,003;0,01
CD 09050;Steel City Rhythm;Free Love & Fighting;This Life;iTunes Streaming (Apple Music);1;0,012;0,010;0,01
CD 09050;Steel City Rhythm;Free Love & Fighting;This Life;Spotify;37;0,004;0,003;0,12
CD 09050;Steel City Rhythm;Free Love & Fighting;Beautiful Haze;Deezer;5;0,004;0,003;0,01
CD 09050;Steel City Rhythm;Free Love & Fighting;Beautiful Haze;iTunes Streaming (Apple Music);1;0,012;0,010;0,01
CD 09050;Steel City Rhythm;Free Love & Fighting;Beautiful Haze;Spotify;80;0,004;0,003;0,26
CD 09050;Steel City Rhythm;Free Love & Fighting;Countdown to Zero;Google Play Music Subscription;3;0,007;0,005;0,02
CD 09050;Steel City Rhythm;Free Love & Fighting;Countdown to Zero;Spotify;25;0,004;0,004;0,09
CD 09050;Steel City Rhythm;Free Love & Fighting;Lost Along the Way;Google Play Music Subscription;3;0,007;0,005;0,02
CD 09050;Steel City Rhythm;Free Love & Fighting;Lost Along the Way;KKBOX;7;0,003;0,002;0,01
CD 09050;Steel City Rhythm;Free Love & Fighting;My Eyes Never Sleep;Deezer;1;0,004;0,003;0,00
CD 09050;Steel City Rhythm;Free Love & Fighting;My Eyes Never Sleep;iTunes;1;0,460;0,368;0,37
CD 09050;Steel City Rhythm;Free Love & Fighting;My Eyes Never Sleep;KKBOX;1;0,004;0,004;0,00
CD 09050;Steel City Rhythm;Free Love & Fighting;My Eyes Never Sleep;YouTube;140;0,000;0,000;0,00
CD 09050;Steel City Rhythm;Free Love & Fighting;Never Stop;Google Play Music Subscription;4;0,007;0,006;0,02
CD 09050;Steel City Rhythm;Free Love & Fighting;Never Stop;KKBOX;23;0,002;0,002;0,05
CD 09050;Steel City Rhythm;Free Love & Fighting;Pennies and Pounds;Deezer;5;0,004;0,003;0,01
CD 09050;Steel City Rhythm;Free Love & Fighting;Pennies and Pounds;KKBOX;2;0,024;0,019;0,04
CD 09050;Steel City Rhythm;Free Love & Fighting;Price We Pay;Deezer;2;0,004;0,003;0,01
CD 09050;Steel City Rhythm;Free Love & Fighting;Price We Pay;iTunes Streaming (Apple Music);2;0,012;0,010;0,02
CD 09050;Steel City Rhythm;Free Love & Fighting;Price We Pay;Spotify;37;0,004;0,003;0,12
CD 09050;Steel City Rhythm;Free Love & Fighting;This Life;Google Play Music Subscription;4;0,007;0,005;0,02
CD 09050;Steel City Rhythm;Free Love & Fighting;This Life;KKBOX;2;0,002;0,002;0,00
CD 09050;Steel City Rhythm;Free Love & Fighting;Beautiful Haze;Google Play Music Subscription;4;0,007;0,005;0,02
CD 09050;Steel City Rhythm;Free Love & Fighting;Beautiful Haze;KKBOX;3;0,002;0,002;0,01
CD 09050;Steel City Rhythm;Free Love & Fighting;Countdown to Zero;Deezer;2;0,004;0,003;0,01
CD 09050;Steel City Rhythm;Free Love & Fighting;Countdown to Zero;iTunes Streaming (Apple Music);1;0,012;0,010;0,01
CD 09050;Steel City Rhythm;Free Love & Fighting;Lost Along the Way;Deezer;2;0,004;0,003;0,01
CD 09050;Steel City Rhythm;Free Love & Fighting;Lost Along the Way;iTunes Streaming (Apple Music);1;0,012;0,010;0,01
CD 09050;Steel City Rhythm;Free Love & Fighting;Lost Along the Way;Spotify;23;0,003;0,003;0,06
CD 09050;Steel City Rhythm;Free Love & Fighting;My Eyes Never Sleep;Google Play Music Subscription;5;0,007;0,005;0,03
CD 09050;Steel City Rhythm;Free Love & Fighting;My Eyes Never Sleep;iTunes Streaming (Apple Music);2;0,012;0,010;0,02
CD 09050;Steel City Rhythm;Free Love & Fighting;My Eyes Never Sleep;Spotify;55;0,004;0,003;0,18
CD 09050;Steel City Rhythm;Free Love & Fighting;Never Stop;Deezer;4;0,004;0,003;0,01
CD 09050;Steel City Rhythm;Free Love & Fighting;Never Stop;iTunes Streaming (Apple Music);1;0,012;0,010;0,01
CD 09050;Steel City Rhythm;Free Love & Fighting;Never Stop;Spotify;36;0,004;0,003;0,11
CD 09050;Steel City Rhythm;Free Love & Fighting;Pennies and Pounds;Google Play Music Subscription;9;0,007;0,005;0,05
CD 09234;Phia;Open/Closed;Open/Closed;iTunes Streaming (Apple Music);9;0,007;0,006;0,05
CD 09234;Phia;Open/Closed;Open/Closed;TIDAL;8;0,010;0,008;0,06
CD 09234;Phia;Open/Closed;Open/Closed;Deezer;6;0,002;0,001;0,01
CD 09234;Phia;Open/Closed;Open/Closed;Spotify;56;0,003;0,003;0,14
CD 09234;Phia;Open/Closed;Open/Closed;YouTube;6354;0,001;0,000;2,89
CD 09268;Owls Of The Swamp;Meteorite;Meteorite;Spotify;97;0,003;0,002;0,22
CD 09287;Owls of the Swamp;Start All Over;Start All Over;Spotify;22;0,004;0,003;0,07
CD 09626;Overdrive Amp Explosion;Intervals;Home;iTunes Streaming (Apple Music);5;0,003;0,002;0,01
CD 09626;Overdrive Amp Explosion;Intervals;Hope;iTunes Streaming (Apple Music);5;0,003;0,002;0,01
CD 09626;Overdrive Amp Explosion;Intervals;Intervals;iTunes Streaming (Apple Music);5;0,003;0,002;0,01
CD 09626;Overdrive Amp Explosion;Intervals;Invert;iTunes Streaming (Apple Music);4;0,003;0,002;0,01
CD 09626;Overdrive Amp Explosion;Intervals;Ko,Sack;iTunes Streaming (Apple Music);7;0,003;0,002;0,02
CD 09626;Overdrive Amp Explosion;Intervals;Late;iTunes Streaming (Apple Music);5;0,003;0,002;0,01
CD 09626;Overdrive Amp Explosion;Intervals;Peace To Earth;iTunes Streaming (Apple Music);5;0,003;0,002;0,01
CD 09626;Overdrive Amp Explosion;Intervals;What The Funk;iTunes Streaming (Apple Music);4;0,003;0,002;0,01
CD 09626;Overdrive Amp Explosion;Intervals;Home;Spotify;3;0,006;0,005;0,02
CD 09626;Overdrive Amp Explosion;Intervals;Hope;Spotify;2;0,007;0,005;0,01
CD 09626;Overdrive Amp Explosion;Intervals;Intervals;Spotify;4;0,004;0,004;0,01
CD 09626;Overdrive Amp Explosion;Intervals;Invert;Spotify;2;0,001;0,001;0,00
CD 09626;Overdrive Amp Explosion;Intervals;Ko,Sack;Spotify;3;0,005;0,004;0,01
CD 09626;Overdrive Amp Explosion;Intervals;Late;Spotify;2;0,007;0,005;0,01
CD 09626;Overdrive Amp Explosion;Intervals;Peace To Earth;Spotify;1;0,000;0,000;0,00
CD 09744;Meike Schrader;Hamburg, Mien Hoben - Split Single;Hamburg, mein Hafen;Google Play Music Scan and Mat;1;0,000;0,000;0,00
CD 09744;Meike Schrader;Hamburg, Mien Hoben - Split Single;Hamburg, mein Hafen;iTunes Streaming (Apple Music);14;0,006;0,005;0,07
CD 09744;Meike Schrader;Hamburg, Mien Hoben - Split Single;Hamburg, mein Hafen;Spotify;3;0,003;0,003;0,01
CD 09744;Meike Schrader & Wiebke Colmorgen;Hamburg, Mien Hoben - Split Single;Hamborg, mien Hoben;Deezer;6;0,005;0,004;0,02
CD 09744;Meike Schrader & Wiebke Colmorgen;Hamburg, Mien Hoben - Split Single;Hamborg, mien Hoben;iTunes Streaming (Apple Music);4;0,008;0,006;0,02
CD 09744;Wiebke Colmorgen;Hamburg, Mien Hoben - Split Single;Weg vun¦t D÷rp un nah Hamborg;Deezer;5;0,005;0,004;0,02
CD 09744;Wiebke Colmorgen;Hamburg, Mien Hoben - Split Single;Weg vun¦t D÷rp un nah Hamborg;Spotify;8;0,004;0,004;0,03
CD 09744;Meike Schrader;Hamburg, Mien Hoben - Split Single;Hamburg, mein Hafen;Amazon Prime Music;6;0,003;0,002;0,01
CD 09744;Meike Schrader;Hamburg, Mien Hoben - Split Single;Hamburg, mein Hafen;Google Play Music Subscription;1;0,006;0,005;0,00
CD 09744;Meike Schrader;Hamburg, Mien Hoben - Split Single;Hamburg, mein Hafen;Rhapsody / Napster;2;0,008;0,006;0,01
CD 09744;Meike Schrader & Wiebke Colmorgen;Hamburg, Mien Hoben - Split Single;Hamborg, mien Hoben;Amazon Prime Music;1;0,003;0,002;0,00
CD 09744;Meike Schrader & Wiebke Colmorgen;Hamburg, Mien Hoben - Split Single;Hamborg, mien Hoben;Google Play Music Subscription;1;0,006;0,005;0,00
CD 09744;Meike Schrader & Wiebke Colmorgen;Hamburg, Mien Hoben - Split Single;Hamborg, mien Hoben;Spotify;16;0,004;0,003;0,05
CD 09744;Wiebke Colmorgen;Hamburg, Mien Hoben - Split Single;Weg vun¦t D÷rp un nah Hamborg;iTunes Streaming (Apple Music);1;0,008;0,007;0,01
CD 09782;Outroads;Only The Lonely?;Sleeping Sun;TDC Play;2;0,006;0,005;0,01
CD 09782;Outroads;Only The Lonely?;Sleeping Sun;Juke Entertain;1;0,012;0,010;0,01
CD 09783;Outroads;Goodbye To All That;Amigo Mio (Bacon);Spotify;1;0,001;0,001;0,00
CD 09783;Outroads;Goodbye To All That;Brother;iTunes Streaming (Apple Music);1;0,002;0,001;0,00
CD 09783;Outroads;Goodbye To All That;Can You Make Me Feel Good?;iTunes Streaming (Apple Music);1;0,002;0,001;0,00
CD 09783;Outroads;Goodbye To All That;Heads Up;iTunes Streaming (Apple Music);1;0,002;0,001;0,00
CD 09783;Outroads;Goodbye To All That;Hellbound on My Trail;iTunes Streaming (Apple Music);1;0,002;0,001;0,00
CD 09783;Outroads;Goodbye To All That;Hold;iTunes Streaming (Apple Music);2;0,002;0,001;0,00
CD 09783;Outroads;Goodbye To All That;Instrumental;iTunes Streaming (Apple Music);2;0,002;0,001;0,00
CD 09783;Outroads;Goodbye To All That;Just in Case;iTunes Streaming (Apple Music);1;0,002;0,001;0,00
CD 09783;Outroads;Goodbye To All That;Kate¦s Song;iTunes Streaming (Apple Music);1;0,002;0,001;0,00
CD 09783;Outroads;Goodbye To All That;My Angels;iTunes Streaming (Apple Music);1;0,002;0,001;0,00
CD 09783;Outroads;Goodbye To All That;No Accident;iTunes Streaming (Apple Music);1;0,002;0,001;0,00
CD 09783;Outroads;Goodbye To All That;Quiet One at the Back;iTunes Streaming (Apple Music);1;0,002;0,001;0,00
CD 09783;Outroads;Goodbye To All That;Restless Spirit Blues;iTunes Streaming (Apple Music);1;0,002;0,001;0,00
CD 09783;Outroads;Goodbye To All That;Waiting Room;Google Play Music Scan and Mat;2;0,000;0,000;0,00
CD 09783;Outroads;Goodbye To All That;Amigo Mio (Bacon);iTunes Streaming (Apple Music);2;0,005;0,004;0,01
CD 09783;Outroads;Goodbye To All That;Brother;Google Play Music Scan and Mat;1;0,000;0,000;0,00
CD 09783;Outroads;Goodbye To All That;Brother;Spotify;1;0,003;0,002;0,00
CD 09783;Outroads;Goodbye To All That;Goodnight;iTunes Streaming (Apple Music);2;0,007;0,006;0,01
CD 09783;Outroads;Goodbye To All That;Heads Up;TDC Play;1;0,006;0,005;0,00
CD 09783;Outroads;Goodbye To All That;Hellbound on My Trail;Spotify;11;0,003;0,002;0,02
CD 09783;Outroads;Goodbye To All That;Hold;Spotify;1;0,000;0,000;0,00
CD 09783;Outroads;Goodbye To All That;Instrumental;Spotify;2;0,002;0,001;0,00
CD 09783;Outroads;Goodbye To All That;Just in Case;Spotify;1;0,000;0,000;0,00
CD 09783;Outroads;Goodbye To All That;Kate¦s Song;Spotify;1;0,002;0,002;0,00
CD 09783;Outroads;Goodbye To All That;My Angels;Spotify;1;0,001;0,001;0,00
CD 09783;Outroads;Goodbye To All That;No Accident;Spotify;1;0,002;0,002;0,00
CD 09783;Outroads;Goodbye To All That;Quiet One at the Back;Spotify;2;0,002;0,002;0,00
CD 09783;Outroads;Goodbye To All That;Rooms in Space;iTunes Streaming (Apple Music);3;0,007;0,006;0,02
CD 09783;Outroads;Goodbye To All That;Waiting Room;iTunes Streaming (Apple Music);2;0,002;0,001;0,00
CD 09884;Martin Bisi;Sirens Of The Apocalypse;Goth Chick ¦98;Spotify;2;0,007;0,005;0,01
CD 09884;Martin Bisi;Sirens Of The Apocalypse;La Vie S¦enfuie;TIDAL;1;0,004;0,003;0,00
CD 09884;Martin Bisi;Sirens Of The Apocalypse;Sirens of the Apocalypse;Spotify;1;0,007;0,005;0,01
CD 09884;Martin Bisi;Sirens Of The Apocalypse;La Vie S¦enfuie;Spotify;2;0,007;0,005;0,01
CD 09884;Martin Bisi;Sirens Of The Apocalypse;Mary Maudlin;Spotify;1;0,007;0,005;0,01
CD 09929;The Bone Lab;Fresh Meat;Manifesto;iTunes Streaming (Apple Music);1;0,012;0,010;0,01
CD 09929;The Bone Lab;Fresh Meat;Sexy Time;Spotify;1;0,004;0,003;0,00
CD 09929;The Bone Lab;Fresh Meat;Hole Again;TDC Play;1;0,006;0,005;0,00
CD 09929;The Bone Lab;Fresh Meat;Sexy Time;iTunes Streaming (Apple Music);1;0,010;0,008;0,01
CD 09929;The Bone Lab;Fresh Meat;Too Cold (Clap Attack);iTunes Streaming (Apple Music);3;0,011;0,009;0,03
CD 13901;Astrids Farm;Cyclist;About a Band;Amazon cloud introductory;5;0,000;0,000;0,00
CD 13901;Astrids Farm;Cyclist;Beautiful;Amazon cloud introductory;5;0,000;0,000;0,00
CD 13901;Astrids Farm;Cyclist;Full Metall Jacket;Amazon cloud introductory;5;0,000;0,000;0,00
CD 13901;Astrids Farm;Cyclist;Full Metall Jacket;Deezer;2;0,009;0,007;0,01
CD 13901;Astrids Farm;Cyclist;Hey Girl;Amazon cloud introductory;5;0,000;0,000;0,00
CD 13901;Astrids Farm;Cyclist;Lies (feat, geboren thielsch);Amazon cloud introductory;5;0,000;0,000;0,00
CD 13901;Astrids Farm;Cyclist;Now I am;Amazon cloud introductory;5;0,000;0,000;0,00
CD 13901;Astrids Farm;Cyclist;Razorblades;Amazon cloud introductory;5;0,000;0,000;0,00
CD 13901;Astrids Farm;Cyclist;Bad Letter;Amazon cloud introductory;5;0,000;0,000;0,00
CD 13901;Astrids Farm;Cyclist;Cyclist;Amazon cloud introductory;5;0,000;0,000;0,00
CD 13901;Astrids Farm;Cyclist;Full Metall Jacket;Amazon Prime Music;8;0,003;0,002;0,02
CD 13901;Astrids Farm;Cyclist;Full Metall Jacket;Spotify;3;0,004;0,003;0,01
CD 13901;Astrids Farm;Cyclist;Inside Out;Amazon cloud introductory;5;0,000;0,000;0,00
CD 13901;Astrids Farm;Cyclist;Mountains;Amazon cloud introductory;5;0,000;0,000;0,00
CD 13901;Astrids Farm;Cyclist;Poverty;Amazon cloud introductory;6;0,000;0,000;0,00
CD 13901;Astrids Farm;Cyclist;Universal Accident;Amazon cloud introductory;5;0,000;0,000;0,00
CD 13903;xrfarflight;The Early Bird;Dream Theatre;Spotify;1;0,002;0,002;0,00
CD 13903;xrfarflight;The Early Bird;freq, Ghost;iTunes Streaming (Apple Music);1;0,008;0,007;0,01
CD 13903;xrfarflight;The Early Bird;mountain;Spotify;1;0,005;0,004;0,00
CD 13903;xrfarflight;The Early Bird;protoplanets;Spotify;2;0,003;0,002;0,00
CD 13903;xrfarflight;The Early Bird;Smashing Bubbles;Spotify;1;0,003;0,003;0,00
CD 13903;xrfarflight;The Early Bird;Dream Theatre;TIDAL;2;0,012;0,010;0,02
CD 13903;xrfarflight;The Early Bird;mountain;iTunes Streaming (Apple Music);1;0,002;0,002;0,00
CD 13903;xrfarflight;The Early Bird;protoplanets;Rhapsody / Napster;1;0,008;0,006;0,01
CD 13903;xrfarflight;The Early Bird;Slow Motion Hospitalism;iTunes Streaming (Apple Music);1;0,008;0,007;0,01
CD 13906;emmy moll;All The Monsters;Be Light;Deezer;1;0,001;0,001;0,00
CD 13906;emmy moll;All The Monsters;Be Light;Spotify;2;0,003;0,003;0,01
CD 13906;emmy moll;All The Monsters;Cloud No,9;Amazon cloud introductory;10;0,000;0,000;0,00
CD 13906;emmy moll;All The Monsters;Cloud No,9;Rhapsody / Napster;1;0,008;0,006;0,01
CD 13906;emmy moll;All The Monsters;Drifted;Amazon cloud introductory;11;0,000;0,000;0,00
CD 13906;emmy moll;All The Monsters;Figurines;Amazon cloud introductory;10;0,000;0,000;0,00
CD 13906;emmy moll;All The Monsters;Inside a Shell;iTunes Streaming (Apple Music);1;0,013;0,011;0,01
CD 13906;emmy moll;All The Monsters;Seagull;Amazon cloud introductory;11;0,000;0,000;0,00
CD 13906;emmy moll;All The Monsters;Time lapse Photography;Amazon cloud introductory;12;0,000;0,000;0,00
CD 13906;emmy moll;All The Monsters;Time lapse Photography;TIDAL;1;0,011;0,008;0,01
CD 13906;emmy moll;All The Monsters;Tortoise;iTunes Streaming (Apple Music);2;0,002;0,002;0,00
CD 13906;emmy moll;All The Monsters;View;Amazon cloud introductory;10;0,000;0,000;0,00
CD 13906;emmy moll;All The Monsters;Your Course;Amazon cloud introductory;11;0,000;0,000;0,00
CD 13906;emmy moll;All The Monsters;Your Course;Spotify;2;0,005;0,004;0,01
CD 13906;emmy moll;All The Monsters;Be Light;Amazon cloud introductory;15;0,000;0,000;0,00
CD 13906;emmy moll;All The Monsters;Be Light;iTunes Streaming (Apple Music);1;0,013;0,011;0,01
CD 13906;emmy moll;All The Monsters;Bird;Amazon cloud introductory;10;0,000;0,000;0,00
CD 13906;emmy moll;All The Monsters;Cloud No,9;iTunes Streaming (Apple Music);6;0,003;0,002;0,01
CD 13906;emmy moll;All The Monsters;Cloud No,9;Spotify;1;0,001;0,001;0,00
CD 13906;emmy moll;All The Monsters;Drifted;Spotify;1;0,005;0,004;0,00
CD 13906;emmy moll;All The Monsters;Inside a Shell;Amazon cloud introductory;11;0,000;0,000;0,00
CD 13906;emmy moll;All The Monsters;Inside a Shell;Spotify;3;0,003;0,003;0,01
CD 13906;emmy moll;All The Monsters;Seagull;Spotify;2;0,005;0,004;0,01
CD 13906;emmy moll;All The Monsters;Time lapse Photography;Spotify;3;0,004;0,003;0,01
CD 13906;emmy moll;All The Monsters;Tortoise;Amazon cloud introductory;10;0,000;0,000;0,00
CD 13906;emmy moll;All The Monsters;Tortoise;Rhapsody / Napster;1;0,008;0,006;0,01
CD 13906;emmy moll;All The Monsters;View;Spotify;2;0,005;0,004;0,01
CD 13906;emmy moll;All The Monsters;Your Course;iTunes Streaming (Apple Music);1;0,013;0,011;0,01
CD 13908;Dear John Letter;Between Leaves/Forestal;Annual Ring / Enclosure;iTunes Streaming (Apple Music);1;0,000;0,000;0,00
CD 13908;Dear John Letter;Between Leaves/Forestal;Aventiure / Pearly Gates;Amazon cloud introductory;1;0,000;0,000;0,00
CD 13908;Dear John Letter;Between Leaves/Forestal;Aventiure / Pearly Gates;iTunes Streaming (Apple Music);1;0,000;0,000;0,00
CD 13908;Dear John Letter;Between Leaves/Forestal;Clearing / Leaving;Google Play Music Subscription;2;0,003;0,002;0,00
CD 13908;Dear John Letter;Between Leaves/Forestal;In the Sticks / Between Leaves;iTunes Streaming (Apple Music);2;0,005;0,004;0,01
CD 13908;Dear John Letter;Between Leaves/Forestal;Towers / Trees;Deezer;1;0,005;0,004;0,00
CD 13908;Dear John Letter;Between Leaves/Forestal;Towers / Trees;Spotify;9;0,005;0,004;0,03
CD 13908;Dear John Letter;Between Leaves/Forestal;Trap / Black Kite;Spotify;6;0,005;0,004;0,03
CD 13908;Dear John Letter;Between Leaves/Forestal;Annual Ring / Enclosure;Google Play Music Scan and Mat;1;0,000;0,000;0,00
CD 13908;Dear John Letter;Between Leaves/Forestal;Annual Ring / Enclosure;Spotify;3;0,006;0,005;0,01
CD 13908;Dear John Letter;Between Leaves/Forestal;Aventiure / Pearly Gates;Google Play Music Subscription;1;0,004;0,003;0,00
CD 13908;Dear John Letter;Between Leaves/Forestal;Aventiure / Pearly Gates;Spotify;6;0,005;0,004;0,02
CD 13908;Dear John Letter;Between Leaves/Forestal;Clearing / Leaving;Spotify;5;0,005;0,004;0,02
CD 13908;Dear John Letter;Between Leaves/Forestal;In the Sticks / Between Leaves;Spotify;5;0,005;0,004;0,02
CD 13908;Dear John Letter;Between Leaves/Forestal;Towers / Trees;iTunes Streaming (Apple Music);1;0,012;0,010;0,01
CD 13908;Dear John Letter;Between Leaves/Forestal;Trap / Black Kite;Google Play Music Subscription;1;0,005;0,004;0,00
CD 13910;Frau Kraushaar;Le Salon Is Very Morbidä;Logans Run;YouTube;2;0,001;0,000;0,00
CD 13910;Frau Kraushaar;Le Salon Is Very Morbidä;Not Controlled;Spotify;3;0,002;0,002;0,01
CD 13910;Frau Kraushaar;Le Salon Is Very Morbidä;Politiki Dummes Ficki;Deezer;1;0,000;0,000;0,00
CD 13910;Frau Kraushaar;Le Salon Is Very Morbidä;Popopaits;Spotify;6;0,002;0,001;0,01
CD 13910;Frau Kraushaar;Le Salon Is Very Morbidä;Romy;iTunes Streaming (Apple Music);2;0,006;0,005;0,01
CD 13910;Frau Kraushaar;Le Salon Is Very Morbidä;Tuperte;Spotify;3;0,003;0,002;0,01
CD 13910;Frau Kraushaar;Le Salon Is Very Morbidä;Wellnesspunkt de;Spotify;5;0,001;0,001;0,01
CD 13910;Frau Kraushaar;Le Salon Is Very Morbidä;Cats on Crack;iTunes Streaming (Apple Music);2;0,008;0,007;0,01
CD 13910;Frau Kraushaar;Le Salon Is Very Morbidä;Cats on Crack;TIDAL;1;0,009;0,007;0,01
CD 13910;Frau Kraushaar;Le Salon Is Very Morbidä;Court of Love;Spotify;4;0,002;0,002;0,01
CD 13910;Frau Kraushaar;Le Salon Is Very Morbidä;ElektroniskS PnlsS;Spotify;4;0,003;0,003;0,01
CD 13910;Frau Kraushaar;Le Salon Is Very Morbidä;Kannst Du mir verraten;Spotify;4;0,002;0,002;0,01
CD 13910;Frau Kraushaar;Le Salon Is Very Morbidä;Logans Run;iTunes Streaming (Apple Music);3;0,008;0,006;0,02
CD 13910;Frau Kraushaar;Le Salon Is Very Morbidä;Logans Run;Spotify;5;0,002;0,002;0,01
CD 13910;Frau Kraushaar;Le Salon Is Very Morbidä;Muh Kuh;Spotify;6;0,004;0,003;0,02
CD 13910;Frau Kraushaar;Le Salon Is Very Morbidä;Oh Gaga Oh Jeh;Spotify;7;0,003;0,002;0,01
CD 13910;Frau Kraushaar;Le Salon Is Very Morbidä;Politiki Dummes Ficki;Spotify;18;0,002;0,002;0,03
CD 13910;Frau Kraushaar;Le Salon Is Very Morbidä;Raum und Zeit;Spotify;3;0,002;0,001;0,00
CD 13910;Frau Kraushaar;Le Salon Is Very Morbidä;Romy;Spotify;5;0,004;0,003;0,02
CD 13910;Frau Kraushaar;Le Salon Is Very Morbidä;Wellnesspunkt de;iTunes;1;0,600;0,480;0,48
CD 13910;Frau Kraushaar;Le Salon Is Very Morbidä;Wellnesspunkt de;YouTube;1;0,000;0,000;0,00
CD 13910;Frau Kraushaar;Le Salon Is Very Morbidä;Barbara;Spotify;5;0,002;0,001;0,01
CD 13910;Frau Kraushaar;Le Salon Is Very Morbidä;Cats on Crack;Spotify;18;0,003;0,002;0,04
CD 13910;Frau Kraushaar;Le Salon Is Very Morbidä;Court of Love;Google Play Music Subscription;1;0,005;0,004;0,00
CD 13910;Frau Kraushaar;Le Salon Is Very Morbidä;ElektroniskS PnlsS;Deezer;1;0,000;0,000;0,00
CD 13910;Frau Kraushaar;Le Salon Is Very Morbidä;Kannst Du mir verraten;iTunes Streaming (Apple Music);1;0,006;0,005;0,00
CD 13910;Frau Kraushaar;Le Salon Is Very Morbidä;Logans Run;Deezer;1;0,009;0,007;0,01
CD 13912;Astrids Farm;Introducing Labelship ;The Nerds Templar;Amazon cloud introductory;5;0,000;0,000;0,00
CD 13912;Dear John Letter;Introducing Labelship ;Clearing/Leaving;iTunes Streaming (Apple Music);1;0,000;0,000;0,00
CD 13912;Various Artists;Introducing Labelship ;A E I O You;iTunes Streaming (Apple Music);1;0,008;0,007;0,01
CD 13912;xrfarflight;Introducing Labelship ;Protoplanets;iTunes Streaming (Apple Music);1;0,002;0,002;0,00
CD 13912;Astrids Farm;Introducing Labelship ;The Nerds Templar;Amazon Prime Music;1;0,003;0,002;0,00
CD 13912;emmy moll;Introducing Labelship ;Time-Lapse Photography;iTunes Streaming (Apple Music);2;0,002;0,001;0,00
CD 13912;Various Artists;Introducing Labelship ;Hand of Death;YouTube;10;0,002;0,002;0,02
LP 06259;Easy Tiger;Overdrive Amp Explosion/Easy Tiger (Split-LP);Electric Weirdos;Spotify;2;0,007;0,005;0,01
LP 06259;Easy Tiger;Overdrive Amp Explosion/Easy Tiger (Split-LP);Save Me;Spotify;2;0,007;0,005;0,01
LP 06259;Overdrive Amp Explosion;Overdrive Amp Explosion/Easy Tiger (Split-LP);Recognise;Spotify;4;0,007;0,005;0,02
LP 06259;Overdrive Amp Explosion;Overdrive Amp Explosion/Easy Tiger (Split-LP);Spring Grows;Spotify;11;0,006;0,005;0,05
LP 06259;Easy Tiger;Overdrive Amp Explosion/Easy Tiger (Split-LP);Action Action;Spotify;2;0,003;0,003;0,01
LP 06259;Easy Tiger;Overdrive Amp Explosion/Easy Tiger (Split-LP);Save Me;Deezer;1;0,001;0,001;0,00
LP 06259;Easy Tiger;Overdrive Amp Explosion/Easy Tiger (Split-LP);Trumpets In The Trees;Spotify;3;0,005;0,004;0,01
LP 06259;Overdrive Amp Explosion;Overdrive Amp Explosion/Easy Tiger (Split-LP);Searching For ½ * +,8,1;Spotify;6;0,003;0,002;0,01
LP 06268;Frogbelly and Symphony;The Eye EP (+CD);Lonely Seabird;iTunes Streaming (Apple Music);1;0,009;0,007;0,01
LP 06268;Frogbelly and Symphony;The Eye EP (+CD);Lonely Seabird;TDC Play;1;0,006;0,005;0,00
LP 06268;Frogbelly and Symphony;The Eye EP (+CD);Paying the Price;iTunes Streaming (Apple Music);1;0,009;0,007;0,01
LP 06268;Frogbelly and Symphony;The Eye EP (+CD);Sugar Castles;Deezer;1;0,006;0,005;0,00
LP 06268;Frogbelly and Symphony;The Eye EP (+CD);Amour fou;iTunes Streaming (Apple Music);1;0,009;0,007;0,01
LP 06268;Frogbelly and Symphony;The Eye EP (+CD);Lonely Seabird;Spotify;2;0,006;0,005;0,01
LP 06268;Frogbelly and Symphony;The Eye EP (+CD);Matze;Google Play Music Subscription;1;0,006;0,005;0,00
LP 06268;Frogbelly and Symphony;The Eye EP (+CD);Paying the Price;Spotify;3;0,004;0,003;0,01
LP 06268;Frogbelly and Symphony;The Eye EP (+CD);Sugar Castles;Spotify;1;0,004;0,003;0,00
LP 06274;Martin Bisi;Ex-Nihilo ;Fine Line;Amazon cloud introductory;1;0,000;0,000;0,00
LP 06274;Martin Bisi;Ex-Nihilo ;Invite to Heaven Hell;Amazon cloud introductory;1;0,000;0,000;0,00
LP 06274;Martin Bisi;Ex-Nihilo ;Nihil Holy;Amazon cloud introductory;1;0,000;0,000;0,00
LP 06274;Martin Bisi;Ex-Nihilo ;Sin-Love-Hate;Amazon cloud introductory;1;0,000;0,000;0,00
LP 06274;Martin Bisi;Ex-Nihilo ;Sin-Love-Hate;YouTube;19;0,000;0,000;0,00
LP 06274;Martin Bisi;Ex-Nihilo ;The Mermaid Queen;Amazon cloud introductory;1;0,000;0,000;0,00
LP 06274;Martin Bisi;Ex-Nihilo ;Holy Threesome;Amazon cloud introductory;2;0,000;0,000;0,00
LP 06274;Martin Bisi;Ex-Nihilo ;Invite to Heaven Hell;Spotify;1;0,005;0,004;0,00
LP 06274;Martin Bisi;Ex-Nihilo ;Nihil Holy;Spotify;1;0,002;0,002;0,00
LP 06274;Martin Bisi;Ex-Nihilo ;Sin-Love-Hate;Spotify;1;0,003;0,002;0,00
LP 06274;Martin Bisi;Ex-Nihilo ;Suffer the Moon;Amazon cloud introductory;1;0,000;0,000;0,00
LP 06274;Martin Bisi;Ex-Nihilo ;The Mermaid Queen;YouTube;8;0,000;0,000;0,00

total sales;total amount;v.a.t.;total value
20099;68,68;0,00;68,68 EURO

